expression_key,lang_key,expression,lang,paraphrase_candidates_maggie,wordnet_synonyms,wordnet_synonym1,paraphrase1_gpt55pro20260423,paraphrase1_gpt5nano20250807
abalo sísmico,pt,abalo sísmico,pt,sismo|terremoto,,,sismo,terremoto
academy award,eng,academy award,eng,Oscar,Oscar,Oscar,Oscar,Oscar
acampamento militar,pt,acampamento militar,pt,bivaque|base,,,bivaque,base
acid test,eng,acid test,eng,touchstone|crucible,,,touchstone,crucible
across the board,eng,across the board,eng,universally|universal,,,universally,universal
activité physique,fr,activité physique,fr,exercice,,,exercice,exercice
add fuel to the fire,eng,add fuel to the fire,eng,exacerbate,,,exacerbate,exacerbate
against the grain,eng,against the grain,eng,contrary|unconventional,,,contrary,unconventional
agente secreto,pt,agente secreto,pt,espião,,,espião,espião
agony aunt,eng,agony aunt,eng,adviser,,,adviser,adviser
aire libre,gl,aire libre,gl,intemperie|exterior,,,intemperie,exterior
alarme falso,pt,alarme falso,pt,engano,,,engano,engano
algodão doce,pt,algodão doce,pt,algodão-doce|guloseima|doce,algodão-doce,algodão-doce,guloseima,doce
algodão-doce,pt,algodão-doce,pt,Algodão Doce|guloseima,Algodão Doce,Algodão Doce,guloseima,guloseima
all bets are off,eng,all bets are off,eng,unpredictable,,,unpredictable,unpredictable
all hell broke loose,eng,all hell broke loose,eng,pandemonium|chaos,,,pandemonium,chaos
all over the map,eng,all over the map,eng,scattered|varied,,,scattered,varied
all over the place,eng,all over the place,eng,scattered|disorganized,,,scattered,disorganized
alta temporada,pt,alta temporada,pt,pico,,,pico,pico
alta-costura,pt,alta-costura,pt,Alta costura|moda|luxo,Alta costura,Alta costura,moda,luxo
alto costura,pt,alto costura,pt,moda|luxo,,,moda,luxo
alto falante,pt,alto falante,pt,altifalante|altofalante,,,altifalante,altofalante
alto mar,pt,alto mar,pt,alto-mar|mar alto|pélago|oceano,alto-mar|mar alto,alto-mar,pélago,oceano
alto temporada,pt,alto temporada,pt,pico|auge,,,pico,auge
alto-falante,pt,alto-falante,pt,Altifalante|falante|locutor|palestrante|parlante,Altifalante|falante|locutor|palestrante,Altifalante,altifalante,parlante
amigo oculto,pt,amigo oculto,pt,sorteio,,,sorteio,sorteio
amigo secreto,pt,amigo secreto,pt,brincadeira|amigooculto,,,brincadeira,amigooculto
amor próprio,pt,amor próprio,pt,autoestima,,,autoestima,autoestima
amor-próprio,pt,amor-próprio,pt,autoestima,,,autoestima,autoestima
ancient history,eng,ancient history,eng,past,,,past,past
année scolaire,fr,année scolaire,fr,scolarité|année,,,scolarité,année
ano novo,pt,ano novo,pt,réveillon|recomeço,,,réveillon,recomeço
ano-novo,pt,ano-novo,pt,réveillon|renovação,,,réveillon,renovação
apples and oranges,eng,apples and oranges,eng,incomparable,,,incomparable,incomparable
application form,eng,application form,eng,application|form,,,application,form
ar condicionado,pt,ar condicionado,pt,ar-condicionado|condicionador de ar|condicionamento de ar|climatização,ar-condicionado|condicionador de ar|condicionamento de ar,ar-condicionado,climatização,climatização
ar livre,pt,ar livre,pt,exterior,,,exterior,exterior
arcade game,eng,arcade game,eng,videogame,,,videogame,videogame
arma branca,pt,arma branca,pt,lâmina|faca,,,lâmina,faca
arma branco,pt,arma branco,pt,faca,,,faca,faca
armchair critic,eng,armchair critic,eng,kibitzer|critic,,,kibitzer,critic
art contemporain,fr,art contemporain,fr,modernisme|moderne,,,modernisme,moderne
at a canter,eng,at a canter,eng,easily|swiftly,,,easily,swiftly
at sixes and sevens,eng,at sixes and sevens,eng,confused|confusion,,,confused,confusion
at the end of the day,eng,at the end of the day,eng,ultimately,,,ultimately,ultimately
ataque cardíaco,gl,ataque cardíaco,gl,infarto,,,infarto,infarto
ato falho,pt,ato falho,pt,Acto falho|lapso|falha,Acto falho,Acto falho,lapso,falha
auditoría externa,gl,auditoría externa,gl,fiscalización|auditoría,,,fiscalización,auditoría
aviso amarelo,gl,aviso amarelo,gl,alerta,,,alerta,alerta
baby blues,eng,baby blues,eng,depression|sadness,,,depression,sadness
baby buggy,eng,baby buggy,eng,baby carriage|carriage|perambulator|pram|stroller|go-cart|pushchair|pusher,baby carriage|carriage|perambulator|pram|stroller|go-cart|pushchair|pusher,baby carriage,stroller,pram
backroom boy,eng,backroom boy,eng,brain truster|boffin|assistant,brain truster,brain truster,boffin,assistant
bad apple,eng,bad apple,eng,troublemaker,,,troublemaker,troublemaker
bad hat,eng,bad hat,eng,troublemaker|trouble maker|troubler|mischief-maker|scoundrel|villain,troublemaker|trouble maker|troubler|mischief-maker,troublemaker,scoundrel,villain
baie vitré,fr,baie vitré,fr,fenêtre,,,fenêtre,fenêtre
balance sheet,eng,balance sheet,eng,statement|finances,,,statement,finances
banana republic,eng,banana republic,eng,kleptocracy,,,kleptocracy,kleptocracy
banda ancha,gl,banda ancha,gl,internet,,,internet,internet
banda sonora,gl,banda sonora,gl,música,,,música,música
bandeiras negras,gl,bandeiras negras,gl,contaminación|anarquía,,,contaminación,anarquía
banho turco,pt,banho turco,pt,sauna|spa,,,sauna,spa
bank account,eng,bank account,eng,account|funds,,,account,funds
bankruptcy proceeding,eng,bankruptcy proceeding,eng,bankruptcy|insolvency,,,bankruptcy,insolvency
bas côté,fr,bas côté,fr,accotement,,,accotement,accotement
basket case,eng,basket case,eng,wreck,,,wreck,wreck
batata doce,pt,batata doce,pt,batata-doce|boniato|tubérculo,batata-doce,batata-doce,boniato,tubérculo
batata-doce,pt,batata-doce,pt,inhame|Batata doce|batata-da-terra|batatadoce|boniato|tubérculo,inhame|Batata doce|batata-da-terra|batatadoce,inhame,boniato,tubérculo
batten down the hatches,eng,batten down the hatches,eng,prepare,,,prepare,prepare
beau frère,fr,beau frère,fr,beauf|frère,,,beauf,frère
beau mère,fr,beau mère,fr,marâtre|bellemère,,,marâtre,bellemère
beau père,fr,beau père,fr,parâtre|père,,,parâtre,père
beauty sleep,eng,beauty sleep,eng,sleep|rejuvenation,,,sleep,rejuvenation
bebida alcoólica,pt,bebida alcoólica,pt,Bebidas alcoólicas|álcoois|álcool|espíritos,Bebidas alcoólicas|álcoois|álcool|espíritos,Bebidas alcoólicas,álcool,álcool
bebida alcoólico,pt,bebida alcoólico,pt,álcool,,,álcool,álcool
behind closed doors,eng,behind closed doors,eng,privately,,,privately,privately
behind someone's back,eng,behind someone's back,eng,secretly,,,secretly,secretly
behind the scenes,eng,behind the scenes,eng,privately|secretly,,,privately,secretly
bells and whistles,eng,bells and whistles,eng,frills,,,frills,frills
below the belt,eng,below the belt,eng,unfairly|unfair,unfairly,unfairly,unfair,unfair
benign tumour,eng,benign tumour,eng,benign tumor|nonmalignant tumor|nonmalignant tumour|nonmalignant neoplasm|growth|noncancerous,benign tumor|nonmalignant tumor|nonmalignant tumour|nonmalignant neoplasm,benign tumor,growth,noncancerous
berger allemand,fr,berger allemand,fr,alsacien|chien,,,alsacien,chien
best man,eng,best man,eng,groomsman,,,groomsman,groomsman
between a rock and a hard place,eng,between a rock and a hard place,eng,dilemma,,,dilemma,dilemma
big cheese,eng,big cheese,eng,big shot|big gun|big wheel|big deal|big enchilada|big fish|head honcho|boss|bigwig,big shot|big gun|big wheel|big deal|big enchilada|big fish|head honcho,big shot,boss,bigwig
big fish,eng,big fish,eng,big shot|big gun|big wheel|big cheese|big deal|big enchilada|head honcho|bigwig,big shot|big gun|big wheel|big cheese|big deal|big enchilada|head honcho,big shot,bigwig,bigwig
big picture,eng,big picture,eng,overview,,,overview,overview
big wig,eng,big wig,eng,VIP|powerbroker,,,VIP,powerbroker
biological clock,eng,biological clock,eng,biorhythm|aging,,,biorhythm,aging
birth rate,eng,birth rate,eng,birthrate|fertility|fertility rate|natality,birthrate|fertility|fertility rate|natality,birthrate,natality,fertility
black and blue,eng,black and blue,eng,bruised,,,bruised,bruised
black box,eng,black box,eng,mystery|enigma,,,mystery,enigma
black cherry,eng,black cherry,eng,black cherry tree|rum cherry|Prunus serotina|sweet cherry|cherry,black cherry tree|rum cherry|Prunus serotina|sweet cherry,black cherry tree,cherry,cherry
black operation,eng,black operation,eng,covert,,,covert,covert
blame game,eng,blame game,eng,recrimination|faultfinding,,,recrimination,faultfinding
blaze a trail,eng,blaze a trail,eng,pioneer,,,pioneer,pioneer
blind alley,eng,blind alley,eng,cul de sac|dead-end street|impasse|deadend,cul de sac|dead-end street|impasse,cul de sac,impasse,deadend
blood and guts,eng,blood and guts,eng,gore,,,gore,gore
blood bath,eng,blood bath,eng,massacre,,,massacre,massacre
blue blood,eng,blue blood,eng,aristocrat|patrician|nobility,aristocrat|patrician,aristocrat,nobility,nobility
blue print,eng,blue print,eng,plan,,,plan,plan
bode expiatório,pt,bode expiatório,pt,vítima|culpado,,,vítima,culpado
bon humeur,fr,bon humeur,fr,gaieté,,,gaieté,gaieté
bon poire,fr,bon poire,fr,naïf|dupe,,,naïf,dupe
bon pratique,fr,bon pratique,fr,usage|norme,,,usage,norme
bon sens,fr,bon sens,fr,sens|sens commun|raison,sens|sens commun,sens,raison,raison
bon vent,fr,bon vent,fr,adieu|chance,,,adieu,chance
bon vivant,fr,bon vivant,fr,fine gueule|friandise|gastronome|gourmand|gourmet|épicurien,fine gueule|friandise|gastronome|gourmand|gourmet|épicurien,fine gueule,épicurien,épicurien
bouc émissaire,fr,bouc émissaire,fr,victime,,,victime,victime
bow tie,eng,bow tie,eng,bow-tie|bowtie|necktie,bow-tie|bowtie,bow-tie,bowtie,necktie
box office,eng,box office,eng,ticket office|ticket booth|revenue,ticket office|ticket booth,ticket office,revenue,revenue
brain drain,eng,brain drain,eng,emigration,,,emigration,emigration
brain teaser,eng,brain teaser,eng,puzzle,,,puzzle,puzzle
bras cassé,fr,bras cassé,fr,incapable|maladroit,,,incapable,maladroit
bras droit,fr,bras droit,fr,grouillot|adjoint,grouillot,grouillot,adjoint,adjoint
brass ring,eng,brass ring,eng,prize,,,prize,prize
brazos abertos,gl,brazos abertos,gl,acollida,,,acollida,acollida
braço direito,pt,braço direito,pt,auxiliar|ajudante,,,auxiliar,ajudante
break someone's heart,eng,break someone's heart,eng,devastate|hurt,,,devastate,hurt
break the back of,eng,break the back of,eng,overcome,,,overcome,overcome
break the ice,eng,break the ice,eng,initiate,,,initiate,initiate
brebis galeux,fr,brebis galeux,fr,indésirable|paria,,,indésirable,paria
brick wall,eng,brick wall,eng,obstacle,,,obstacle,obstacle
bring home the bacon,eng,bring home the bacon,eng,succeed|win|come through|deliver the goods|provide|breadwinner,succeed|win|come through|deliver the goods|provide,succeed,provide,breadwinner
bull market,eng,bull market,eng,boom|uptrend,,,boom,uptrend
buraco negro,pt,buraco negro,pt,Buraco-negro|Buracos negros|sumidouro|vazio,Buraco-negro|Buracos negros,Buraco-negro,sumidouro,vazio
burato negro,gl,burato negro,gl,sumidoiro|buraco,,,sumidoiro,buraco
burst someone's bubble,eng,burst someone's bubble,eng,disillusion,,,disillusion,disillusion
bury the hatchet,eng,bury the hatchet,eng,reconcile,,,reconcile,reconcile
busy bee,eng,busy bee,eng,eager beaver|live wire|sharpie|sharpy|industrious|workaholic,eager beaver|live wire|sharpie|sharpy,eager beaver,industrious,workaholic
by the book,eng,by the book,eng,properly|strictly,,,properly,strictly
cable car,eng,cable car,eng,car|tram|gondola,car,car,tram,gondola
café colonial,pt,café colonial,pt,refeição|buffet,,,refeição,buffet
caixa forte,pt,caixa forte,pt,Caixaforte|caixa-forte|cofre,Caixaforte|caixa-forte,Caixaforte,cofre,cofre
caixa preto,pt,caixa preto,pt,mistério,,,mistério,mistério
caixa-forte,pt,caixa-forte,pt,cofre|Caixa forte|Caixaforte,cofre|Caixa forte|Caixaforte,cofre,cofre,cofre
caixa-preta,pt,caixa-preta,pt,mistério,,,mistério,mistério
caixeiro viajante,pt,caixeiro viajante,pt,vendedor,,,vendedor,vendedor
calendar month,eng,calendar month,eng,month,month,month,month,month
call a spade a spade,eng,call a spade a spade,eng,blunt|frankness,,,blunt,frankness
call centre,eng,call centre,eng,call center|helpdesk,call center,call center,helpdesk,helpdesk
camisa branca,gl,camisa branca,gl,camisa|prenda,,,camisa,prenda
cap in hand,eng,cap in hand,eng,humbly|begging,,,humbly,begging
car park,eng,car park,eng,parking lot|park|parking area|parking,parking lot|park|parking area,parking lot,parking,parking
carne branca,pt,carne branca,pt,frango,,,frango,frango
carne branco,pt,carne branco,pt,frango,,,frango,frango
carne vermelha,pt,carne vermelha,pt,bovina|carne,,,bovina,carne
carne vermelho,pt,carne vermelho,pt,bovina|carne,,,bovina,carne
carpet bombing,eng,carpet bombing,eng,area bombing|saturation bombing|carpet bomb|bombardment,area bombing|saturation bombing|carpet bomb,area bombing,bombardment,bombardment
carro forte,pt,carro forte,pt,blindado,,,blindado,blindado
carro-forte,pt,carro-forte,pt,blindado,,,blindado,blindado
carrot and stick,eng,carrot and stick,eng,incentives,,,incentives,incentives
carry the can,eng,carry the can,eng,accountable|blame,,,accountable,blame
carta aberta,pt,carta aberta,pt,manifesto,,,manifesto,manifesto
carta aberto,pt,carta aberto,pt,manifesto,,,manifesto,manifesto
carte blanc,fr,carte blanc,fr,liberté,,,liberté,liberté
carte bleu,fr,carte bleu,fr,CB|carte,,,CB,carte
carte gris,fr,carte gris,fr,immatriculation,,,immatriculation,immatriculation
carte vital,fr,carte vital,fr,sécu|assurance,,,sécu,assurance
carton plein,fr,carton plein,fr,triomphe|succès,,,triomphe,succès
casco antigo,gl,casco antigo,gl,centro|histórico,,,centro,histórico
case study,eng,case study,eng,analysis|example,,,analysis,example
cash cow,eng,cash cow,eng,moneymaker|money-spinner,moneymaker|money-spinner,moneymaker,moneymaker,moneymaker
casque bleu,fr,casque bleu,fr,pacificateur,,,pacificateur,pacificateur
cast the first stone,eng,cast the first stone,eng,criticize|condemn,,,criticize,condemn
cellular phone,eng,cellular phone,eng,cellular telephone|cellphone|cell|mobile phone,cellular telephone|cellphone|cell|mobile phone,cellular telephone,cellphone,cellphone
centre commercial,fr,centre commercial,fr,centre|centre d'achat|centre d'achats|place|winkelgalerij|mall|galerie,centre|centre d'achat|centre d'achats|place|winkelgalerij,centre,mall,galerie
centro comercial,pt,centro comercial,pt,Centros comerciais|Shopping Center|shopping,Centros comerciais|Shopping Center|shopping,Centros comerciais,shopping,shopping
centro espírita,pt,centro espírita,pt,templo|espiritismo,,,templo,espiritismo
centro neurálxico,gl,centro neurálxico,gl,núcleo,,,núcleo,núcleo
centros educativos,gl,centros educativos,gl,escolas,,,escolas,escolas
cerca viva,pt,cerca viva,pt,sebe|sebes|seto,sebe|sebes,sebe,sebe,seto
cerca vivo,pt,cerca vivo,pt,sebe,,,sebe,sebe
cercle vicieux,fr,cercle vicieux,fr,engrenage|spirale,,,engrenage,spirale
cerf volant,fr,cerf volant,fr,comète|cerfvolant,,,comète,cerfvolant
chain reaction,eng,chain reaction,eng,cascade,,,cascade,cascade
chambre froid,fr,chambre froid,fr,réfrigérateur|frigo,,,réfrigérateur,frigo
changement climatique,fr,changement climatique,fr,réchauffement,,,réchauffement,réchauffement
chapeau bas,fr,chapeau bas,fr,bravo|admiration,,,bravo,admiration
charge social,fr,charge social,fr,cotisation,,,cotisation,cotisation
chauve souris,fr,chauve souris,fr,chiroptère|mammifère,,,chiroptère,mammifère
cheat sheet,eng,cheat sheet,eng,crib,,,crib,crib
cheiro verde,pt,cheiro verde,pt,tempero|ervas,,,tempero,ervas
cheiro-verde,pt,cheiro-verde,pt,tempero|ervas,,,tempero,ervas
china clay,eng,china clay,eng,china stone|kaolin|kaoline|porcelain clay|terra alba,china stone|kaolin|kaoline|porcelain clay|terra alba,china stone,kaolin,kaolin
chute libre,fr,chute libre,fr,dégringolade|chute,,,dégringolade,chute
cidade vella,gl,cidade vella,gl,casco|antiga,,,casco,antiga
circle the wagons,eng,circle the wagons,eng,defend,,,defend,defend
circuito integrado,pt,circuito integrado,pt,CI|chip|microchip|Circuitos integrados,CI|chip|microchip|Circuitos integrados,CI,microchip,chip
civil marriage,eng,civil marriage,eng,marriage|legal,,,marriage,legal
clases altas,gl,clases altas,gl,elite|élite,,,elite,élite
classe executiva,pt,classe executiva,pt,executiva|luxo,,,executiva,luxo
classe executivo,pt,classe executivo,pt,executiva|elite,,,executiva,elite
clear the decks,eng,clear the decks,eng,prepare,,,prepare,prepare
climate change,eng,climate change,eng,global climate change|warming,global climate change,global climate change,warming,warming
close call,eng,close call,eng,close shave|squeak|squeaker|narrow escape|nearmiss,close shave|squeak|squeaker|narrow escape,close shave,squeaker,nearmiss
close to home,eng,close to home,eng,personal,,,personal,personal
closed book,eng,closed book,eng,mystery|enigma|secret,mystery|enigma|secret,mystery,mystery,enigma
cloud nine,eng,cloud nine,eng,bliss|blissfulness|seventh heaven|walking on air|euphoria|ecstatic,bliss|blissfulness|seventh heaven|walking on air,bliss,euphoria,ecstatic
club privé,fr,club privé,fr,cercle|exclusif,,,cercle,exclusif
cocktail dress,eng,cocktail dress,eng,sheath|dress|eveningwear,sheath,sheath,dress,eveningwear
cocoa butter,eng,cocoa butter,eng,fat,,,fat,fat
coffre fort,fr,coffre fort,fr,coffre|sécurité,,,coffre,sécurité
coluna social,pt,coluna social,pt,fofoca|sociedade,,,fofoca,sociedade
colégio militar,pt,colégio militar,pt,escola|academia,,,escola,academia
come in from the cold,eng,come in from the cold,eng,reintegrate,,,reintegrate,reintegrate
come with the territory,eng,come with the territory,eng,inevitable,,,inevitable,inevitable
comida caseira,pt,comida caseira,pt,caseira,,,caseira,caseira
comida caseiro,pt,comida caseiro,pt,caseira,,,caseira,caseira
communauté urbain,fr,communauté urbain,fr,agglomération,,,agglomération,agglomération
companhia aérea,pt,companhia aérea,pt,aerolinha|transportadora,,,aerolinha,transportadora
companhia aéreo,pt,companhia aéreo,pt,aerolinha,,,aerolinha,aerolinha
computer expert,eng,computer expert,eng,computer guru|techie|technologist,computer guru,computer guru,techie,technologist
computer program,eng,computer program,eng,program|programme|computer programme|software,program|programme|computer programme,program,software,software
con artist,eng,con artist,eng,confidence man|con man|swindler|fraudster,confidence man|con man,confidence man,swindler,fraudster
conseil municipal,fr,conseil municipal,fr,municipalité|élus,,,municipalité,élus
conta corrente,pt,conta corrente,pt,conta,,,conta,conta
conta-corrente,pt,conta-corrente,pt,conta,,,conta,conta
contact lens,eng,contact lens,eng,contact|lens,contact,contact,contact,lens
contact lenses,eng,contact lenses,eng,contact|contact lens|contacts,contact|contact lens,contact,contacts,contacts
cook the books,eng,cook the books,eng,falsify,,,falsify,falsify
cooking stove,eng,cooking stove,eng,stove|kitchen stove|range|kitchen range,stove|kitchen stove|range|kitchen range,stove,stove,stove
copy cat,eng,copy cat,eng,imitator,,,imitator,imitator
coração partido,pt,coração partido,pt,Síndrome do coração partido|amargura|desgosto|dor|pesar|tristeza,Síndrome do coração partido|amargura|desgosto|dor|pesar|tristeza,Síndrome do coração partido,desgosto,dor
corda bamba,pt,corda bamba,pt,instabilidade|precariedade,,,instabilidade,precariedade
corda bambo,pt,corda bambo,pt,instabilidade|precariedade,,,instabilidade,precariedade
corda vocal,pt,corda vocal,pt,prega|laringe,,,prega,laringe
cordas vocais,pt,cordas vocais,pt,glote|voz,,,glote,voz
cotton candy,eng,cotton candy,eng,spun sugar|candyfloss|fluff,spun sugar|candyfloss,spun sugar,candyfloss,fluff
couch potato,eng,couch potato,eng,idler|slacker,,,idler,slacker
coup dur,fr,coup dur,fr,revers,,,revers,revers
coup franc,fr,coup franc,fr,tir,,,tir,tir
courrier électronique,fr,courrier électronique,fr,courriel|mél|messagerie électronique,courriel|mél|messagerie électronique,courriel,courriel,courriel
court circuit,fr,court circuit,fr,dérivation|raccourci,,,dérivation,raccourci
court métrage,fr,court métrage,fr,court,,,court,court
crash and burn,eng,crash and burn,eng,fail,,,fail,fail
crash course,eng,crash course,eng,crash program|crash programme|primer|intensive,crash program|crash programme,crash program,primer,intensive
credit card,eng,credit card,eng,charge card|charge plate|plastic|financing,charge card|charge plate|plastic,charge card,plastic,financing
crime rate,eng,crime rate,eng,criminality,,,criminality,criminality
critical review,eng,critical review,eng,review|critique|review article,review|critique|review article,review,critique,critique
crocodile tear,eng,crocodile tear,eng,insincerity,,,insincerity,insincerity
crème frais,fr,crème frais,fr,crème|fraîche,,,crème,fraîche
crème glacé,fr,crème glacé,fr,glace,,,glace,glace
curto circuito,pt,curto circuito,pt,curto-circuito|pane|falha,curto-circuito,curto-circuito,pane,falha
curto-circuito,pt,curto-circuito,pt,Curto circuito|pane|falha,Curto circuito,Curto circuito,pane,falha
cut and dried,eng,cut and dried,eng,settled,,,settled,settled
cut and thrust,eng,cut and thrust,eng,sparring|debate,,,sparring,debate
cut both ways,eng,cut both ways,eng,ambivalent|twofold,,,ambivalent,twofold
cut from the same cloth,eng,cut from the same cloth,eng,alike,,,alike,alike
cut the mustard,eng,cut the mustard,eng,succeed|suffice,,,succeed,suffice
cutting edge,eng,cutting edge,eng,vanguard|forefront|knife edge|innovative,vanguard|forefront|knife edge,vanguard,forefront,innovative
câmara fria,pt,câmara fria,pt,frigorífico,,,frigorífico,frigorífico
câmara frio,pt,câmara frio,pt,frigorífico,,,frigorífico,frigorífico
céu aberto,pt,céu aberto,pt,descoberto|externo,,,descoberto,externo
círculo vicioso,pt,círculo vicioso,pt,ciclo|armadilha,,,ciclo,armadilha
círculo virtuoso,pt,círculo virtuoso,pt,progresso|crescimento,,,progresso,crescimento
damp squib,eng,damp squib,eng,anticlimax|dud,,,anticlimax,dud
dark horse,eng,dark horse,eng,outsider|underdog,,,outsider,underdog
day shift,eng,day shift,eng,day watch|dayshift|daytime,day watch,day watch,dayshift,daytime
dead and buried,eng,dead and buried,eng,defunct|finished,,,defunct,finished
dead end,eng,dead end,eng,cul|cul de sac|deadlock|impasse|stalemate|standstill,cul|cul de sac|deadlock|impasse|stalemate|standstill,cul,impasse,impasse
dead in the water,eng,dead in the water,eng,stalled|doomed,,,stalled,doomed
deputado federal,pt,deputado federal,pt,congressista|parlamentar,,,congressista,parlamentar
dernier cri,fr,dernier cri,fr,l'état de la technique|nec plus ultra|état de l'art|ultramoderne|mode,l'état de la technique|nec plus ultra|état de l'art,l'état de la technique,ultramoderne,mode
dernier mot,fr,dernier mot,fr,conclusion|ultime,,,conclusion,ultime
desfile militar,pt,desfile militar,pt,parada,,,parada,parada
diamond wedding,eng,diamond wedding,eng,diamond wedding anniversary|anniversary|jubilee,diamond wedding anniversary,diamond wedding anniversary,anniversary,jubilee
dig up dirt,eng,dig up dirt,eng,muckrake|expose,,,muckrake,expose
directeur général,fr,directeur général,fr,bourgmestre|gérant municipal|maire|syndic|dirigeant|PDG,bourgmestre|gérant municipal|maire|syndic,bourgmestre,dirigeant,PDG
direito humano,pt,direito humano,pt,direitos humanos|prerrogativa|dignidade,direitos humanos,direitos humanos,prerrogativa,dignidade
direitos humanos,pt,direitos humanos,pt,direito humano|direitos|liberdades,direito humano,direito humano,direitos,liberdades
dirty money,eng,dirty money,eng,loot|booty|pillage|plunder|prize|swag|illicit,loot|booty|pillage|plunder|prize|swag,loot,loot,illicit
dirty word,eng,dirty word,eng,obscenity|smut|vulgarism|filth|profanity,obscenity|smut|vulgarism|filth,obscenity,obscenity,profanity
disability insurance,eng,disability insurance,eng,coverage|protection,,,coverage,protection
disc jockey,eng,disc jockey,eng,disk jockey|dj|deejay,disk jockey|dj,disk jockey,deejay,deejay
disco rígido,pt,disco rígido,pt,Disco rigido|disco duro|HD|armazenamento,Disco rigido|disco duro,Disco rigido,HD,armazenamento
disco voador,pt,disco voador,pt,OVNI|Ufologia|Óvni,OVNI|Ufologia|Óvni,OVNI,ovni,OVNI
disque dur,fr,disque dur,fr,disque|stockage,disque,disque,stockage,stockage
divine service,eng,divine service,eng,service|religious service|worship,service|religious service,service,worship,worship
do someone proud,eng,do someone proud,eng,honor,,,honor,honor
do the right thing,eng,do the right thing,eng,behave|integrity,,,behave,integrity
don't hold your breath,eng,don't hold your breath,eng,unlikely,,,unlikely,unlikely
doom and gloom,eng,doom and gloom,eng,pessimism,,,pessimism,pessimism
double cross,eng,double cross,eng,double-crossing|betray|betrayal,double-crossing,double-crossing,betray,betrayal
double dutch,eng,double Dutch,eng,gibberish|nonsense,,,gibberish,gibberish|nonsense
double whammy,eng,double whammy,eng,setback|twofold,,,setback,twofold
douche froid,fr,douche froid,fr,déconvenue|déception,,,déconvenue,déception
down in the dumps,eng,down in the dumps,eng,depressed,,,depressed,depressed
down the drain,eng,down the drain,eng,wasted,,,wasted,wasted
down the road,eng,down the road,eng,later,,,later,later
down the tubes,eng,down the tubes,eng,ruined,,,ruined,ruined
down to the wire,eng,down to the wire,eng,close|eleventhhour,,,close,eleventhhour
draw a line in the sand,eng,draw a line in the sand,eng,limit|boundary,,,limit,boundary
dream ticket,eng,dream ticket,eng,ideal|opportunity,,,ideal,opportunity
droit fondamental,fr,droit fondamental,fr,liberté,,,liberté,liberté
drop the ball,eng,drop the ball,eng,sin|blunder|boob|goof|fail,sin|blunder|boob|goof,sin,fail,fail
dry land,eng,dry land,eng,land|earth|ground|solid ground|terra firma,land|earth|ground|solid ground|terra firma,land,land,land
dry wall,eng,dry wall,eng,wallboard|drywall|dry-stone wall,wallboard|drywall|dry-stone wall,wallboard,drywall,wallboard
dust storm,eng,dust storm,eng,duster|sandstorm|sirocco,duster|sandstorm|sirocco,duster,sandstorm,sandstorm
dutch courage,eng,Dutch courage,eng,confidence|bravado,,,confidence|bravado,bravado
dyed in the wool,eng,dyed in the wool,eng,inveterate|ingrained,,,inveterate,ingrained
développement économique,fr,développement économique,fr,croissance|progrès,,,croissance,progrès
días hábiles,gl,días hábiles,gl,laborables,,,laborables,laborables
eager beaver,eng,eager beaver,eng,busy bee|live wire|sharpie|sharpy|enthusiast|dynamo,busy bee|live wire|sharpie|sharpy,busy bee,enthusiast,dynamo
eat humble pie,eng,eat humble pie,eng,apologize,,,apologize,apologize
eat someone alive,eng,eat someone alive,eng,overwhelm|crush,,,overwhelm,crush
eau chaud,fr,eau chaud,fr,eau|chaud,,,eau,chaud
eau doux,fr,eau doux,fr,fraîche,,,,fraîche
eau fort,fr,eau fort,fr,gravure,,,gravure,gravure
eau minéral,fr,eau minéral,fr,minérale|boisson,,,minérale,boisson
eau potable,fr,eau potable,fr,buvable|potable,,,buvable,potable
eau usé,fr,eau usé,fr,effluent,,,effluent,effluent
eau vif,fr,eau vif,fr,courant,,,courant,courant
economic aid,eng,economic aid,eng,aid|financial aid|assistance,aid|financial aid,aid,assistance,assistance
efeito especial,pt,efeito especial,pt,Efeitos especiais|trucagem|artifício,Efeitos especiais,Efeitos especiais,trucagem,artifício
effet spécial,fr,effet spécial,fr,trucage,,,trucage,trucage
elbow grease,eng,elbow grease,eng,effort|exertion|travail|sweat,effort|exertion|travail|sweat,effort,effort,effort
elbow room,eng,elbow room,eng,room|way|space,room|way,room,space,space
elefante branco,pt,elefante branco,pt,estorvo|fardo,,,estorvo,fardo
end user,eng,end user,eng,consumer,,,consumer,consumer
enerxía limpa,gl,enerxía limpa,gl,renovable|renovables,,,renovable,renovables
engine room,eng,engine room,eng,engineering|powerhouse,engineering,engineering,powerhouse,powerhouse
entrance hall,eng,entrance hall,eng,anteroom|antechamber|hall|foyer|lobby|vestibule,anteroom|antechamber|hall|foyer|lobby|vestibule,anteroom,foyer,foyer
escada rolante,pt,escada rolante,pt,elevador|escalator,,,elevador,escalator
estrela cadente,pt,estrela cadente,pt,Meteoroide|Meteoróide|meteoro,Meteoroide|Meteoróide|meteoro,Meteoroide,meteoro,meteoro
eternal rest,eng,eternal rest,eng,rest|sleep|eternal sleep|quietus|death,rest|sleep|eternal sleep|quietus,rest,death,death
everything but the kitchen sink,eng,everything but the kitchen sink,eng,everything,,,everything,everything
exame clínico,pt,exame clínico,pt,avaliação,,,avaliação,avaliação
exame laboratorial,pt,exame laboratorial,pt,análise|teste,,,análise,teste
expérience professionnel,fr,expérience professionnel,fr,expertise|carrière,,,expertise,carrière
eye candy,eng,eye candy,eng,attractiveness,,,attractiveness,attractiveness
face the music,eng,face the music,eng,carry-the can|confront,carry-the can,carry-the can,confront,confront
face to face,eng,face to face,eng,directly|inperson,,,directly,inperson
face value,eng,face value,eng,par value|nominal value|denomination|appearance,par value|nominal value,par value,denomination,appearance
fair play,eng,fair play,eng,fairness|sportsmanship,,,fairness,sportsmanship
fairy tale,eng,fairy tale,eng,fairytale|fairy story|cock-and-bull story|song and dance|fantasy,fairytale|fairy story|cock-and-bull story|song and dance,fairytale,fairytale,fantasy
fait divers,fr,fait divers,fr,événement|brève,,,événement,brève
fall from grace,eng,fall from grace,eng,disgrace|downfall,,,disgrace,downfall
fall guy,eng,fall guy,eng,chump|fool|gull|mark|patsy|sucker|soft touch|mug|scapegoat,chump|fool|gull|mark|patsy|sucker|soft touch|mug,chump,scapegoat,scapegoat
fall in line,eng,fall in line,eng,conform,,,conform,conform
famille nombreux,fr,famille nombreux,fr,tribu|nombreuse,,,tribu,nombreuse
far and away,eng,far and away,eng,by far|out and away|easily|vastly,by far|out and away,by far,easily,vastly
farinha integral,pt,farinha integral,pt,integral,,,integral,integral
fashion plate,eng,fashion plate,eng,dandy|dude|fop|gallant|sheik|beau|swell|clotheshorse|fashionista,dandy|dude|fop|gallant|sheik|beau|swell|clotheshorse,dandy,fashionista,fashionista
fast and furious,eng,fast and furious,eng,frenetic,,,frenetic,frenetic
faux ami,fr,faux ami,fr,paronyme|piège,,,paronyme,piège
faux cul,fr,faux cul,fr,hypocrite,,,hypocrite,hypocrite
faux pas,fr,faux pas,fr,Solécisme|bévue|gaffe|impair|soulier,Solécisme|bévue|gaffe|impair|soulier,Solécisme,gaffe,gaffe
faux semblant,fr,faux semblant,fr,feinte|simulacre,,,feinte,simulacre
febre amarela,pt,febre amarela,pt,Febre-amarela|amarilose|doença,Febre-amarela,Febre-amarela,amarilose,doença
febre amarelo,pt,febre amarelo,pt,amarilose|doença,,,amarilose,doença
feel the pinch,eng,feel the pinch,eng,struggle|hardship,,,struggle,hardship
fenda dixital,gl,fenda dixital,gl,desigualdade|brecha,,,desigualdade,brecha
festa rachada,gl,festa rachada,gl,esmorga|desastre,,,esmorga,desastre
feu rouge,fr,feu rouge,fr,arrêt,,,arrêt,arrêt
feu vert,fr,feu vert,fr,autorisation,,,autorisation,autorisation
ficha limpa,pt,ficha limpa,pt,ilibado|integridade,,,ilibado,integridade
ficha limpo,pt,ficha limpo,pt,idôneo|integridade,,,idôneo,integridade
field work,eng,field work,eng,fieldwork,,,fieldwork,fieldwork
fight fire with fire,eng,fight fire with fire,eng,retaliate|retaliation,,,retaliate,retaliation
fil conducteur,fr,fil conducteur,fr,trame|thème,,,trame,thème
fila indiana,pt,fila indiana,pt,tandem|coluna|fileira,tandem,tandem,coluna,fileira
fila indiano,pt,fila indiano,pt,coluna|fileira,,,coluna,fileira
fill someone's shoes,eng,fill someone's shoes,eng,replace|succeed,,,replace,succeed
fine line,eng,fine line,eng,distinction|nuance,,,distinction,nuance
fio condutor,pt,fio condutor,pt,diretriz|tema,,,diretriz,tema
fire in the belly,eng,fire in the belly,eng,drive|passion,,,drive,passion
firing line,eng,firing line,eng,frontline,,,frontline,frontline
fish story,eng,fish story,eng,exaggeration|fabrication,,,exaggeration,fabrication
flash in the pan,eng,flash in the pan,eng,ephemeral|fizzle,,,ephemeral,fizzle
flea market,eng,flea market,eng,bazaar|swapmeet,,,bazaar,swapmeet
fleur bleu,fr,fleur bleu,fr,sentimental|naïf,,,sentimental,naïf
flower child,eng,flower child,eng,hippie|hippy|hipster,hippie|hippy|hipster,hippie,hippie,hippie
fly a kite,eng,fly a kite,eng,float|leave,,,float,leave
fly in the face of,eng,fly in the face of,eng,fly in the teeth of|defy,fly in the teeth of,fly in the teeth of,defy,defy
fly off the handle,eng,fly off the handle,eng,flip one's lid|blow up|throw a fit|hit the roof|hit the ceiling|have kittens|have a fit|combust|blow one's stack|flip one's wig|lose one's temper|blow a fuse|go ballistic|explode|rage,flip one's lid|blow up|throw a fit|hit the roof|hit the ceiling|have kittens|have a fit|combust|blow one's stack|flip one's wig|lose one's temper|blow a fuse|go ballistic,flip one's lid,explode,rage
foie gras,fr,foie gras,fr,pâté|délice,,,pâté,délice
follow in someone's footsteps,eng,follow in someone's footsteps,eng,emulate,,,emulate,emulate
food market,eng,food market,eng,grocery store|grocery|market,grocery store|grocery|market,grocery store,grocery,grocery
foot soldier,eng,foot soldier,eng,infantryman|marcher|footslogger|subordinate|subsidiary|underling,infantryman|marcher|footslogger|subordinate|subsidiary|underling,infantryman,infantryman,infantryman
football season,eng,football season,eng,season,,,season,season
for a song,eng,for a song,eng,for a bargain price|at a low price|cheaply,for a bargain price|at a low price,for a bargain price,cheaply,cheaply
force someone's hand,eng,force someone's hand,eng,compel|coerce,,,compel,coerce
força bruta,pt,força bruta,pt,violência|potência,,,violência,potência
força bruto,pt,força bruto,pt,violência|potência,,,violência,potência
fou rire,fr,fou rire,fr,hilarité,,,hilarité,hilarité
free and easy,eng,free and easy,eng,casual|easygoing,,,casual,easygoing
fresh water,eng,fresh water,eng,freshwater,freshwater,freshwater,freshwater,freshwater
freudian slip,eng,Freudian slip,eng,parapraxis|gaffe|slip,,,parapraxis,gaffe|slip
front man,eng,front man,eng,front|figurehead|nominal head|straw man|strawman,front|figurehead|nominal head|straw man|strawman,front,figurehead,figurehead
front runner,eng,front runner,eng,favorite|leader,,,favorite,leader
full of beans,eng,full of beans,eng,energetic,,,energetic,energetic
full speed ahead,eng,full speed ahead,eng,rapidly|accelerate,,,rapidly,accelerate
fun and games,eng,fun and games,eng,amusement,,,amusement,amusement
game plan,eng,game plan,eng,strategy,,,strategy,strategy
gato pingado,pt,gato pingado,pt,insignificante|pobre,,,insignificante,pobre
gato-pingado,pt,gato-pingado,pt,insignificante|pobre,,,insignificante,pobre
gelo seco,pt,gelo seco,pt,Gelo-seco|carbogelo|frio,Gelo-seco,Gelo-seco,carbogelo,frio
gelo-seco,pt,gelo-seco,pt,Gelo seco|carbogelo|congelante,Gelo seco,Gelo seco,carbogelo,congelante
get a grip,eng,get a grip,eng,calm|composure,,,calm,composure
get a life,eng,get a life,eng,live|mature,,,live,mature
get a rise out of,eng,get a rise out of,eng,provoke,,,provoke,provoke
get away with murder,eng,get away with murder,eng,impunity,,,impunity,impunity
get it up,eng,get it up,eng,erect,,,erect,erect
get off the ground,eng,get off the ground,eng,take off|start|begin,take off,take off,start,begin
get stuck in,eng,get stuck in,eng,start|dive,,,start,dive
get the boot,eng,get the boot,eng,fired,,,fired,fired
get the picture,eng,get the picture,eng,grok|comprehend|savvy|dig|grasp|compass|apprehend|understand,grok|comprehend|savvy|dig|grasp|compass|apprehend,grok,understand,understand
get to grips with,eng,get to grips with,eng,tackle|grasp,,,tackle,grasp
get to the bottom of,eng,get to the bottom of,eng,uncover|ascertain,,,uncover,ascertain
get under someone's skin,eng,get under someone's skin,eng,irritate,,,irritate,irritate
ghost town,eng,ghost town,eng,deserted,,,deserted,deserted
glass ceiling,eng,glass ceiling,eng,barrier,,,barrier,barrier
glóbulos vermellos,gl,glóbulos vermellos,gl,eritrocitos,,,eritrocitos,eritrocitos
go all the way,eng,go all the way,eng,finish|commit,,,finish,commit
go for the jugular,eng,go for the jugular,eng,attack,,,attack,attack
go the distance,eng,go the distance,eng,persevere,,,persevere,persevere
go the extra mile,eng,go the extra mile,eng,overdeliver|exceed,,,overdeliver,exceed
go to the wall,eng,go to the wall,eng,fail|bankrupt,,,fail,bankrupt
go to town,eng,go to town,eng,indulge|vim,,,indulge,vim
go with the flow,eng,go with the flow,eng,adapt|acquiesce,,,adapt,acquiesce
gold mine,eng,gold mine,eng,goldmine|bonanza,goldmine,goldmine,bonanza,bonanza
golpe baixo,pt,golpe baixo,pt,deslealdade|trapaça,,,deslealdade,trapaça
golpe duro,gl,golpe duro,gl,revés|impacto,,,revés,impacto
goose egg,eng,goose egg,eng,nothing|nil|nix|nada|aught|cipher|cypher|naught|zero|zilch|zip|zippo,nothing|nil|nix|nada|aught|cipher|cypher|naught|zero|zilch|zip|zippo,nothing,zero,zero
governo federal,pt,governo federal,pt,União,,,União,União
graduate student,eng,graduate student,eng,grad student|postgraduate,grad student|postgraduate,grad student,postgraduate,postgraduate
grand air,fr,grand air,fr,extérieur|hauteur,,,extérieur,hauteur
grand entreprise,fr,grand entreprise,fr,firme|projet,,,firme,projet
grand jour,fr,grand jour,fr,clarté|événement,,,clarté,événement
grand saut,fr,grand saut,fr,décision|percée,,,décision,percée
grand surface,fr,grand surface,fr,supermarché|hypermarché,,,supermarché,hypermarché
grand écran,fr,grand écran,fr,cinéma,,,cinéma,cinéma
grandfather clock,eng,grandfather clock,eng,longcase clock|clock|longcase,longcase clock,longcase clock,clock,longcase
grasp the nettle,eng,grasp the nettle,eng,tackle|confront,,,tackle,confront
grass root,eng,grass root,eng,grassroots|base,,,grassroots,base
graveyard shift,eng,graveyard shift,eng,night shift|nightshift,night shift,night shift,nightshift,nightshift
gravy train,eng,gravy train,eng,easy money|bonanza|sinecure,easy money,easy money,bonanza,sinecure
grease the wheels,eng,grease the wheels,eng,facilitate,,,facilitate,facilitate
grey matter,eng,grey matter,eng,gray matter|grey substance|gray substance|substantia grisea|intelligence|brain,gray matter|grey substance|gray substance|substantia grisea,gray matter,intelligence,brain
grind to a halt,eng,grind to a halt,eng,get stuck|bog down|mire|stop|stall,get stuck|bog down|mire,get stuck,stop,stall
gripe aviária,pt,gripe aviária,pt,influenza,,,influenza,influenza
gripe aviário,pt,gripe aviário,pt,influenza,,,influenza,influenza
gripe suína,pt,gripe suína,pt,Influenza A H1N1|H1N1|influenza,Influenza A H1N1,Influenza A H1N1,H1N1,influenza
gripe suíno,pt,gripe suíno,pt,influenza,,,influenza,influenza
grippe aviaire,fr,grippe aviaire,fr,influenza,,,influenza,influenza
gros mot,fr,gros mot,fr,Juron|impiété|insanité,Juron|impiété|insanité,Juron,juron,juron
gros plan,fr,gros plan,fr,zoom|proximité,,,zoom,proximité
ground floor,eng,ground floor,eng,first floor|ground level|downstairs|beginning,first floor|ground level,first floor,downstairs,beginning
guarda florestal,pt,guarda florestal,pt,florestal|guardião,,,florestal,guardião
guarda-florestal,pt,guarda-florestal,pt,mateiro|guardião,,,mateiro,guardião
guerre civil,fr,guerre civil,fr,conflit,,,conflit,conflit
guilt trip,eng,guilt trip,eng,guilt|guilty conscience|guilt feelings|remorse|manipulation,guilt|guilty conscience|guilt feelings,guilt,remorse,manipulation
guinea pig,eng,guinea pig,eng,subject|case|Cavia cobaya,subject|case|Cavia cobaya,subject,subject,subject
hair of the dog,eng,hair of the dog,eng,booze|cure,,,booze,cure
half sister,eng,half sister,eng,half-sister|stepsister|sister|sibling,half-sister|stepsister,half-sister,sister,sibling
half wit,eng,half wit,eng,idiot|fool,,,idiot,fool
hammer and tongs,eng,hammer and tongs,eng,vigorously|fiercely,,,vigorously,fiercely
hard drive,eng,hard drive,eng,disk drive|disc drive|Winchester drive|disk,disk drive|disc drive|Winchester drive,disk drive,disk,disk
hard shoulder,eng,hard shoulder,eng,shoulder|emergency,,,shoulder,emergency
haut mer,fr,haut mer,fr,large|océan,,,large,océan
haut montagne,fr,haut montagne,fr,alpin|sommet,,,alpin,sommet
haut parleur,fr,haut parleur,fr,enceinte,,,enceinte,enceinte
have a ball,eng,have a ball,eng,have a good time|enjoy,have a good time,have a good time,enjoy,enjoy
have a few,eng,have a few,eng,drink|possess,,,drink,possess
have a heart,eng,have a heart,eng,sympathize|compassion,,,sympathize,compassion
have someone's number,eng,have someone's number,eng,understand|insight,,,understand,insight
head for the hills,eng,head for the hills,eng,scat|run|scarper|turn tail|lam|run away|hightail it|bunk|take to the woods|escape|fly the coop|break away|flee,scat|run|scarper|turn tail|lam|run away|hightail it|bunk|take to the woods|escape|fly the coop|break away,scat,flee,flee
head hunter,eng,head hunter,eng,recruiter,,,recruiter,recruiter
head over heels,eng,head over heels,eng,heels over head|topsy-turvy|topsy-turvily|in great confusion|smitten|enamored,heels over head|topsy-turvy|topsy-turvily|in great confusion,heels over head,smitten,enamored
head teacher,eng,head teacher,eng,principal|school principal|head,principal|school principal|head,principal,principal,principal
heads will roll,eng,heads will roll,eng,punishment,,,punishment,punishment
health care,eng,health care,eng,healthcare,healthcare,healthcare,healthcare,healthcare
health check,eng,health check,eng,checkup|medical checkup|medical examination|medical exam|medical,checkup|medical checkup|medical examination|medical exam|medical,checkup,checkup,checkup
health insurance,eng,health insurance,eng,coverage,,,coverage,coverage
heart and soul,eng,heart and soul,eng,kernel|substance|core|center|centre|essence|gist|heart|inwardness|marrow|meat|nub|pith|sum|nitty-gritty|body and soul|wholeheartedly,kernel|substance|core|center|centre|essence|gist|heart|inwardness|marrow|meat|nub|pith|sum|nitty-gritty|body and soul,kernel,wholeheartedly,essence
heart of gold,eng,heart of gold,eng,kindness,,,kindness,kindness
heavy cross,eng,heavy cross,eng,burden,,,burden,burden
hen party,eng,hen party,eng,bachelorette,,,bachelorette,bachelorette
heure supplémentaire,fr,heure supplémentaire,fr,surtemps|supplémentaire,,,surtemps,supplémentaire
high and mighty,eng,high and mighty,eng,arrogant|haughty,,,arrogant,haughty
high life,eng,high life,eng,extravagance|prodigality|lavishness|highlife|luxury,extravagance|prodigality|lavishness|highlife,extravagance,luxury,luxury
hit the bottle,eng,hit the bottle,eng,booze|drink,,,booze,drink
hit the jackpot,eng,hit the jackpot,eng,luck out|win|windfall,luck out,luck out,win,windfall
hit the nail on the head,eng,hit the nail on the head,eng,correct|exactly,,,correct,exactly
hold someone's hand,eng,hold someone's hand,eng,support|assist,,,support,assist
hold the line,eng,hold the line,eng,hang on|hold on|resist|defend,hang on|hold on,hang on,resist,defend
home run,eng,home run,eng,homer|bell ringer|bull's eye|mark|success,homer|bell ringer|bull's eye|mark,homer,success,success
honey trap,eng,honey trap,eng,entrapment,,,entrapment,entrapment
horas baixas,gl,horas baixas,gl,crise|desánimo,,,crise,desánimo
horses for courses,eng,horses for courses,eng,suitability,,,suitability,suitability
hot and heavy,eng,hot and heavy,eng,passionate|steamy,,,passionate,steamy
hot potato,eng,hot potato,eng,controversy,,,controversy,controversy
huile essentiel,fr,huile essentiel,fr,essence,,,essence,essence
human being,eng,human being,eng,homo|man|human|person,homo|man|human,homo,person,person
idée reçu,fr,idée reçu,fr,préjugé|cliché,,,préjugé,cliché
in a nutshell,eng,in a nutshell,eng,briefly,,,briefly,briefly
in bed with,eng,in bed with,eng,colluding|collusion,,,colluding,collusion
in black and white,eng,in black and white,eng,written|explicitly,,,written,explicitly
in cold blood,eng,in cold blood,eng,coldly|ruthlessly,coldly,coldly,ruthlessly,ruthlessly
in someone's pocket,eng,in someone's pocket,eng,controlled|subservient,,,controlled,subservient
in the bag,eng,in the bag,eng,certain|guaranteed,,,certain,guaranteed
in the black,eng,in the black,eng,profitable,,,profitable,profitable
in the clear,eng,in the clear,eng,safe|cleared,,,safe,cleared
in the doghouse,eng,in the doghouse,eng,disfavored|trouble,,,disfavored,trouble
in the driver's seat,eng,in the driver's seat,eng,controlling|control,,,controlling,control
in the driving seat,eng,in the driving seat,eng,controlling|control,,,controlling,control
in the fast lane,eng,in the fast lane,eng,hectically|dynamic,,,hectically,dynamic
in the final analysis,eng,in the final analysis,eng,ultimately,,,ultimately,ultimately
in the hole,eng,in the hole,eng,indebted,,,indebted,indebted
in the loop,eng,in the loop,eng,informed,,,informed,informed
in the offing,eng,in the offing,eng,imminent,,,imminent,imminent
in the pink,eng,in the pink,eng,healthy,,,healthy,healthy
in the raw,eng,in the raw,eng,bare-assed|bare-ass|in the altogether|in the buff|raw|peeled|naked as a jaybird|stark naked|naked,bare-assed|bare-ass|in the altogether|in the buff|raw|peeled|naked as a jaybird|stark naked,bare-assed,naked,naked
in the red,eng,in the red,eng,indebted,,,indebted,indebted
in the soup,eng,in the soup,eng,trouble,,,trouble,trouble
in your dreams,eng,in your dreams,eng,never|impossible,,,never,impossible
in your face,eng,in your face,eng,confrontational|brazen,,,confrontational,brazen
incendios forestais,gl,incendios forestais,gl,lumes|fogos,,,lumes,fogos
incubation period,eng,incubation period,eng,latency,,,latency,latency
information age,eng,information age,eng,cyberage|modernity,,,cyberage,modernity
injury time,eng,injury time,eng,overtime|stoppage,,,overtime,stoppage
inner circle,eng,inner circle,eng,clique|coterie|ingroup|pack|camp|insiders,clique|coterie|ingroup|pack|camp,clique,coterie,insiders
inner product,eng,inner product,eng,scalar product|dot product|pairing|dot,scalar product|dot product,scalar product,pairing,dot
insane asylum,eng,insane asylum,eng,mental hospital|psychiatric hospital|mental institution|institution|mental home|asylum|madhouse,mental hospital|psychiatric hospital|mental institution|institution|mental home|asylum,mental hospital,madhouse,madhouse
insertion professionnel,fr,insertion professionnel,fr,intégration|emploi,,,intégration,emploi
insider trading,eng,insider trading,eng,fraud,,,fraud,fraud
insurance company,eng,insurance company,eng,insurance firm|insurer|insurance underwriter|underwriter,insurance firm|insurer|insurance underwriter|underwriter,insurance firm,insurer,insurer
insurance policy,eng,insurance policy,eng,policy|insurance|coverage,policy|insurance,policy,policy,coverage
interest rate,eng,interest rate,eng,rate of interest|rate|cost,rate of interest,rate of interest,rate,cost
intérêt général,fr,intérêt général,fr,collectivité|biencommun,,,collectivité,biencommun
iron collar,eng,iron collar,eng,garrote|garotte|garrotte|oppression,garrote|garotte|garrotte,garrote,,oppression
ivory tower,eng,ivory tower,eng,seclusion|aloofness,,,seclusion,aloofness
jet lag,eng,jet lag,eng,desynchronosis|fatigue,,,desynchronosis,fatigue
jeune fille,fr,jeune fille,fr,fille|gonzesse|jupe|minette|nana|oiseau|poupée|poussin|fifille|fillette|gamine|petite|jeune femme|femme|fi|petite amie|demoiselle|lassie|bonne|domestique|pucelle|vierge|adolescente,fille|gonzesse|jupe|minette|nana|oiseau|poupée|poussin|fifille|fillette|gamine|petite|jeune femme|femme|fi|petite amie|demoiselle|lassie|bonne|domestique|pucelle|vierge,fille,demoiselle,adolescente
job fair,eng,job fair,eng,recruitment,,,recruitment,recruitment
jogo duro,pt,jogo duro,pt,intransigência|firmeza,,,intransigência,firmeza
join the club,eng,join the club,eng,ditto,,,ditto,ditto
joined at the hip,eng,joined at the hip,eng,inseparable,,,inseparable,inseparable
journal officiel,fr,journal officiel,fr,gazette,,,gazette,gazette
jump on the bandwagon,eng,jump on the bandwagon,eng,join|conform,,,join,conform
jump through hoops,eng,jump through hoops,eng,comply|rigmarole,,,comply,rigmarole
juízo final,pt,juízo final,pt,apocalipse|julgamento,,,apocalipse,julgamento
kangaroo court,eng,kangaroo court,eng,sham|travesty,,,sham,travesty
keep a lid on,eng,keep a lid on,eng,suppress|control,,,suppress,control
keep tabs on,eng,keep tabs on,eng,monitor,,,monitor,monitor
keep the peace,eng,keep the peace,eng,pacify,,,pacify,pacify
kick the bucket,eng,kick the bucket,eng,die|decease|perish|go|exit|pass away|expire|pass|cash in one's chips|buy the farm|conk|give-up the ghost|drop dead|pop off|choke|croak|snuff it,die|decease|perish|go|exit|pass away|expire|pass|cash in one's chips|buy the farm|conk|give-up the ghost|drop dead|pop off|choke|croak|snuff it,die,die,die
kicking and screaming,eng,kicking and screaming,eng,unwillingly|reluctantly,,,unwillingly,reluctantly
kiss of death,eng,kiss of death,eng,deathblow|doom,,,deathblow,doom
knock someone's socks off,eng,knock someone's socks off,eng,amaze,,,amaze,amaze
know the score,eng,know the score,eng,be with it|be on the ball|know what's going on|know what's what|understand|informed,be with it|be on the ball|know what's going on|know what's what,be with it,understand,informed
labour union,eng,labour union,eng,union,,,union,union
langue français,fr,langue français,fr,français,,,français,français
law firm,eng,law firm,eng,practice,,,practice,practice
leap year,eng,leap year,eng,intercalary year|366 days|bissextile year|bissextile|intercalary,intercalary year|366 days|bissextile year,intercalary year,bissextile,intercalary
left and right,eng,left and right,eng,everywhere,,,everywhere,everywhere
leite integral,pt,leite integral,pt,gordo|inteiro,,,gordo,inteiro
let the cat out of the bag,eng,let the cat out of the bag,eng,spill the beans|talk|tattle|blab|peach|babble|sing|babble out|blab out|divulge|reveal,spill the beans|talk|tattle|blab|peach|babble|sing|babble out|blab out,spill the beans,divulge,reveal
leña verde,gl,leña verde,gl,malleira|novato,,,malleira,novato
licence to print money,eng,licence to print money,eng,goldmine,,,goldmine,goldmine
life belt,eng,life belt,eng,safety belt|safety harness|life buoy|lifesaver|life ring|lifebuoy,safety belt|safety harness|life buoy|lifesaver|life ring,safety belt,lifebuoy,lifebuoy
life vest,eng,life vest,eng,life jacket|cork jacket|lifejacket,life jacket|cork jacket,life jacket,lifejacket,lifejacket
ligazóns mortas,gl,ligazóns mortas,gl,rotas,,,rotas,rotas
light at the end of the tunnel,eng,light at the end of the tunnel,eng,hope,,,hope,hope
lime tree,eng,lime tree,eng,lime|Citrus aurantifolia|linden|linden tree|basswood|citrus,lime|Citrus aurantifolia|linden|linden tree|basswood,lime,linden,citrus
lingua galega,gl,lingua galega,gl,galego,,,galego,galego
lip service,eng,lip service,eng,hypocrisy|insincerity,hypocrisy,hypocrisy,insincerity,insincerity
lista negra,pt,lista negra,pt,proscrição|exclusão,,,proscrição,exclusão
lista negro,pt,lista negro,pt,exclusão,,,exclusão,exclusão
livre docente,pt,livre docente,pt,professor|habilitação,,,professor,habilitação
livre-docente,pt,livre-docente,pt,professor|título,,,professor,título
livro aberto,pt,livro aberto,pt,transparente|franqueza,,,transparente,franqueza
loan shark,eng,loan shark,eng,usurer|moneylender|shylock,usurer|moneylender|shylock,usurer,usurer,usurer
longa data,pt,longa data,pt,antigo|antigamente,,,antigo,antigamente
longa-metragem,pt,longa-metragem,pt,Longa metragem|filme,Longa metragem,Longa metragem,filme,filme
longo data,pt,longo data,pt,antigo|passado,,,antigo,passado
longo metragem,pt,longo metragem,pt,filme,,,filme,filme
look on the bright side,eng,look on the bright side,eng,optimistic|optimism,,,optimistic,optimism
look the other way,eng,look the other way,eng,ignore,,,ignore,ignore
look the part,eng,look the part,eng,fit|convincing,,,fit,convincing
loose woman,eng,loose woman,eng,adulteress|fornicatress|hussy|jade|slut|strumpet|trollop|promiscuous,adulteress|fornicatress|hussy|jade|slut|strumpet|trollop,adulteress,slut,promiscuous
lotus position,eng,lotus position,eng,padmasana|pose,,,padmasana,pose
love song,eng,love song,eng,love-song|serenade|ballad,love-song,love-song,serenade,ballad
low profile,eng,low profile,eng,inconspicuous|unobtrusive,,,inconspicuous,unobtrusive
lua cheia,pt,lua cheia,pt,plenilúnio|plenitude,plenilúnio,plenilúnio,plenilúnio,plenitude
lua cheio,pt,lua cheio,pt,plenilúnio,,,plenilúnio,plenilúnio
lua nova,pt,lua nova,pt,novilúnio|início,,,novilúnio,início
lua novo,pt,lua novo,pt,novilúnio|início,,,novilúnio,início
lugar comum,pt,lugar comum,pt,clichê,,,clichê,clichê
lugar-comum,pt,lugar-comum,pt,clichê,,,clichê,clichê
lume lento,gl,lume lento,gl,lentamente|paciência,,,lentamente,paciência
luz verde,gl,luz verde,gl,autorización|permiso,,,autorización,permiso
luz vermella,gl,luz vermella,gl,alarma|aviso,,,alarma,aviso
magia negra,pt,magia negra,pt,bruxaria|encanto|feitiço|poder mágico,bruxaria|encanto|feitiço|poder mágico,bruxaria,bruxaria,bruxaria
magia negro,pt,magia negro,pt,bruxaria,,,bruxaria,bruxaria
mail service,eng,mail service,eng,mail|postal service|post,mail|postal service|post,mail,post,post
mailing list,eng,mailing list,eng,listserv|recipients,,,listserv,recipients
make a clean break,eng,make a clean break,eng,sever,,,sever,sever
make a killing,eng,make a killing,eng,profit,,,profit,profit
make a meal of,eng,make a meal of,eng,overdo,,,overdo,overdo
make a move,eng,make a move,eng,act,,,act,act
make a splash,eng,make a splash,eng,impress,,,impress,impress
make the cut,eng,make the cut,eng,qualify,,,qualify,qualify
mar aberto,pt,mar aberto,pt,pélago|oceano,,,pélago,oceano
market place,eng,market place,eng,marketplace|mart|market,marketplace|mart|market,marketplace,marketplace,market
marketing consultant,eng,marketing consultant,eng,consultant|advisor,,,consultant,advisor
maré alta,pt,maré alta,pt,preamar|auge,preamar,preamar,preamar,auge
maré alto,pt,maré alto,pt,preamar|bonança,,,preamar,bonança
maré baixa,pt,maré baixa,pt,baixamar|vazante|declínio,baixamar,baixamar,vazante,declínio
maré baixo,pt,maré baixo,pt,vazante|crise,,,vazante,crise
marée noir,fr,marée noir,fr,pollution,,,pollution,pollution
masa salarial,gl,masa salarial,gl,nómina,,,nómina,nómina
massa cinzenta,pt,massa cinzenta,pt,inteligência|cérebro,,,inteligência,cérebro
massa cinzento,pt,massa cinzento,pt,inteligência|cérebro,,,inteligência,cérebro
match nul,fr,match nul,fr,dessiner|égalité,dessiner|égalité,dessiner,égalité,égalité
materia escura,gl,materia escura,gl,materia negra|materia|invisibilidade,materia negra,materia negra,materia,invisibilidade
matière gras,fr,matière gras,fr,graisse,,,graisse,graisse
matière gris,fr,matière gris,fr,intelligence,,,intelligence,intelligence
matière premier,fr,matière premier,fr,matériau|ressource,,,matériau,ressource
mau contato,pt,mau contato,pt,defeito|falha,,,defeito,falha
mau fé,pt,mau fé,pt,desonestidade,,,desonestidade,desonestidade
mau humor,pt,mau humor,pt,rabugice,,,rabugice,rabugice
mau olhado,pt,mau olhado,pt,Mau-olhado|ouolho gordo|quebranto|inveja,Mau-olhado|ouolho gordo,Mau-olhado,quebranto,inveja
mau-humor,pt,mau-humor,pt,rabugice|irritabilidade,,,rabugice,irritabilidade
mau-olhado,pt,mau-olhado,pt,mau olhado|ouolho gordo|quebranto|inveja,mau olhado|ouolho gordo,mau olhado,quebranto,inveja
mauvais foi,fr,mauvais foi,fr,insincérité|malhonnêteté,,,insincérité,malhonnêteté
mauvais langue,fr,mauvais langue,fr,médisant|ragot,,,médisant,ragot
meat and potatoes,eng,meat and potatoes,eng,essentials,,,essentials,essentials
medical procedure,eng,medical procedure,eng,operation|treatment,,,operation,treatment
melting pot,eng,melting pot,eng,crucible|amalgam|assimilation,crucible,crucible,amalgam,assimilation
memoria viva,gl,memoria viva,gl,recordo,,,recordo,recordo
memory lane,eng,memory lane,eng,nostalgia,,,nostalgia,nostalgia
mental disorder,eng,mental disorder,eng,mental disturbance|disturbance|psychological disorder|folie|psychopathology|illness,mental disturbance|disturbance|psychological disorder|folie,mental disturbance,psychopathology,illness
mercado negro,pt,mercado negro,pt,contrabando|ilegal,,,contrabando,ilegal
mesa redondo,pt,mesa redondo,pt,debate,,,debate,debate
mesa-redonda,pt,mesa-redonda,pt,debate,,,debate,debate
middle school,eng,middle school,eng,secondary school|lyceum|lycee|Gymnasium|school|adolescence,secondary school|lyceum|lycee|Gymnasium,secondary school,school,adolescence
milk tooth,eng,milk tooth,eng,primary tooth|deciduous tooth|baby tooth|deciduous,primary tooth|deciduous tooth|baby tooth,primary tooth,deciduous,deciduous
moment of truth,eng,moment of truth,eng,crisis|test,,,crisis,test
monkey business,eng,monkey business,eng,mischief,,,mischief,mischief
montagne russe,fr,montagne russe,fr,manège|oscillation,,,manège,oscillation
montanha russo,pt,montanha russo,pt,brinquedo|emoções,,,brinquedo,emoções
montanha-russa,pt,montanha-russa,pt,Montanha Russa|Montanhas-russas|oscilação|altibajos,Montanha Russa|Montanhas-russas,Montanha Russa,oscilação,altibajos
monte baixo,gl,monte baixo,gl,mato|colina,,,mato,colina
monument historique,fr,monument historique,fr,patrimoine,,,patrimoine,patrimoine
mort né,fr,mort né,fr,natimort|décédé,,,natimort,décédé
mother tongue,eng,mother tongue,eng,maternal language|first language|vernacular|native,maternal language|first language,maternal language,vernacular,native
move heaven and earth,eng,move heaven and earth,eng,strive|endeavor,,,strive,endeavor
move the goalposts,eng,move the goalposts,eng,alter|redefine,,,alter,redefine
muddy the waters,eng,muddy the waters,eng,confuse,,,confuse,confuse
music festival,eng,music festival,eng,festival|concert,,,festival,concert
music journalist,eng,music journalist,eng,critic,,,critic,critic
má-fé,pt,má-fé,pt,desonestidade|malícia,,,desonestidade,malícia
máquina virtual,pt,máquina virtual,pt,emulador,,,emulador,emulador
mão fechado,pt,mão fechado,pt,sovina|avaro,,,sovina,avaro
mão-fechada,pt,mão-fechada,pt,sovina|avarento,,,sovina,avarento
narrow escape,eng,narrow escape,eng,close call|close shave|squeak|squeaker|closecall,close call|close shave|squeak|squeaker,close call,squeak,closecall
navio negreiro,pt,navio negreiro,pt,Navios negreiros|tumbeiro|escravidão,Navios negreiros,Navios negreiros,tumbeiro,escravidão
neither here nor there,eng,neither here nor there,eng,irrelevant,,,irrelevant,irrelevant
nest egg,eng,nest egg,eng,savings,savings,savings,savings,savings
net income,eng,net income,eng,net|net profit|lucre|profit|profits|earnings,net|net profit|lucre|profit|profits|earnings,net,profit,profit
news agency,eng,news agency,eng,press agency|wire service|press association|news organization|news organisation|newswire|press,press agency|wire service|press association|news organization|news organisation,press agency,newswire,press
night and day,eng,night and day,eng,constantly|completely,,,constantly,completely
night owl,eng,night owl,eng,nighthawk|nightbird|nocturnal,nighthawk|nightbird,nighthawk,nighthawk,nocturnal
nip and tuck,eng,nip and tuck,eng,face lift|facelift|lift|face lifting|cosmetic surgery|rhytidectomy|rhytidoplasty|neck and neck|head-to-head|close,face lift|facelift|lift|face lifting|cosmetic surgery|rhytidectomy|rhytidoplasty|neck and neck|head-to-head,face lift,close,close
no strings attached,eng,no strings attached,eng,unconditional,,,unconditional,unconditional
noble gas,eng,noble gas,eng,inert gas|argonon|inert,inert gas|argonon,inert gas,argonon,inert
noise complaint,eng,noise complaint,eng,complaint|nuisance,,,complaint,nuisance
nouveau monde,fr,nouveau monde,fr,hémisphère ouest|Amérique|modernité,hémisphère ouest,hémisphère ouest,Amérique,modernité
novo mundo,pt,novo mundo,pt,poente|América|novidade,poente,poente,América,novidade
novo rico,pt,novo rico,pt,parvenu,,,parvenu,parvenu
novo-rico,pt,novo-rico,pt,parvenu,,,parvenu,parvenu
nuit blanc,fr,nuit blanc,fr,insomnie,,,insomnie,insomnie
number crunching,eng,number crunching,eng,calculation,,,calculation,calculation
numéro vert,fr,numéro vert,fr,gratuit,,,gratuit,gratuit
nut case,eng,nut case,eng,crackpot|crank|nut|fruitcake|screwball|lunatic,crackpot|crank|nut|fruitcake|screwball,crackpot,lunatic,lunatic
nuts and bolts,eng,nuts and bolts,eng,basics|essentials,,,basics,essentials
nó cego,pt,nó cego,pt,dificuldade|impasse,,,dificuldade,impasse
núcleo atômico,pt,núcleo atômico,pt,núcleo,,,núcleo,núcleo
oeil rouge,fr,oeil rouge,fr,rotengle|rougeur,,,rotengle,rougeur
off and running,eng,off and running,eng,underway,,,underway,underway
off the hook,eng,off the hook,eng,free|cleared,,,free,cleared
oil and water,eng,oil and water,eng,incompatible,,,incompatible,incompatible
old flame,eng,old flame,eng,ex|exlover,,,ex,exlover
old hat,eng,old hat,eng,outdated|trite,,,outdated,trite
old timer,eng,old timer,eng,veteran|elder,,,veteran,elder
olho gordo,pt,olho gordo,pt,inveja,,,inveja,inveja
olho mágico,pt,olho mágico,pt,visor,,,visor,visor
olho nu,pt,olho nu,pt,vista|visível,,,vista,visível
on a roll,eng,on a roll,eng,successful|streak,,,successful,streak
on a shoestring,eng,on a shoestring,eng,cheaply,,,cheaply,cheaply
on and off,eng,on and off,eng,off and on|intermittently,off and on,off and on,intermittently,intermittently
on the back burner,eng,on the back burner,eng,deferred,,,deferred,deferred
on the back of,eng,on the back of,eng,following|because,,,following,because
on the ball,eng,on the ball,eng,alert|competent,,,alert,competent
on the bounce,eng,on the bounce,eng,consecutively|immediately,,,consecutively,immediately
on the button,eng,on the button,eng,on the nose|precisely|exactly|on the dot|punctual,on the nose|precisely|exactly|on the dot,on the nose,exactly,punctual
on the cards,eng,on the cards,eng,likely,,,likely,likely
on the fly,eng,on the fly,eng,spontaneously|improvised,,,spontaneously,improvised
on the game,eng,on the game,eng,prostituting|involved,,,prostituting,involved
on the hop,eng,on the hop,eng,busy,,,busy,busy
on the horn,eng,on the horn,eng,telephoning|phoning,,,telephoning,phoning
on the make,eng,on the make,eng,opportunistic|opportunist,,,opportunistic,opportunist
on the mend,eng,on the mend,eng,recovering,,,recovering,recovering
on the nose,eng,on the nose,eng,on the button|precisely|exactly|on the dot|exact,on the button|precisely|exactly|on the dot,on the button,exactly,exact
on the rocks,eng,on the rocks,eng,troubled,,,troubled,troubled
on the ropes,eng,on the ropes,eng,struggling|beleaguered,,,struggling,beleaguered
on the same page,eng,on the same page,eng,aligned|agreement,,,aligned,agreement
on the shelf,eng,on the shelf,eng,shelved|idle,,,shelved,idle
on the side of the angels,eng,on the side of the angels,eng,righteous|virtuous,,,righteous,virtuous
on the skids,eng,on the skids,eng,declining,,,declining,declining
on the square,eng,on the square,eng,honestly|honest,,,honestly,honest
on the trot,eng,on the trot,eng,consecutively|running,,,consecutively,running
on the wagon,eng,on the wagon,eng,sober,,,sober,sober
on the warpath,eng,on the warpath,eng,angry|belligerent,,,angry,belligerent
on thin ice,eng,on thin ice,eng,precarious,,,precarious,precarious
one of those things,eng,one of those things,eng,unavoidable|inevitability,,,unavoidable,inevitability
open the floodgates,eng,open the floodgates,eng,unleash,,,unleash,unleash
ordure ménager,fr,ordure ménager,fr,déchet|déchets,,,déchet,déchets
organisation syndical,fr,organisation syndical,fr,syndicat,,,syndicat,syndicat
out of line,eng,out of line,eng,inappropriate|improper,,,inappropriate,improper
out of order,eng,out of order,eng,broken,,,broken,broken
out of the blue,eng,out of the blue,eng,unanticipated|unforeseen|unlooked-for|unexpectedly,unanticipated|unforeseen|unlooked-for|unexpectedly,unanticipated,unexpectedly,unexpectedly
out of the box,eng,out of the box,eng,unconventional|ready,,,unconventional,ready
out of the loop,eng,out of the loop,eng,uninformed,,,uninformed,uninformed
out of the picture,eng,out of the picture,eng,uninvolved|absent,,,uninvolved,absent
out of the woods,eng,out of the woods,eng,safe,,,safe,safe
out to lunch,eng,out to lunch,eng,crazy|distracted,,,crazy,distracted
ovelha negra,pt,ovelha negra,pt,pária|paria,,,pária,paria
ovelha negro,pt,ovelha negro,pt,pária,,,pária,pária
over the hill,eng,over the hill,eng,old,,,old,old
over the moon,eng,over the moon,eng,ecstatic,,,ecstatic,ecstatic
over the top,eng,over the top,eng,excessive,,,excessive,excessive
pack a punch,eng,pack a punch,eng,powerful|impact,,,powerful,impact
page jaune,fr,page jaune,fr,annuaire,,,annuaire,annuaire
pain killer,eng,pain killer,eng,analgesic,,,analgesic,analgesic
panda car,eng,panda car,eng,cruiser|patrolcar,,,cruiser,patrolcar
papel higiênico,pt,papel higiênico,pt,Papel higienico|Papel higiénico|Papel-higiénico|papel|higiene,Papel higienico|Papel higiénico|Papel-higiénico,Papel higienico,papel,higiene
par for the course,eng,par for the course,eng,typical,,,typical,typical
parachute doré,fr,parachute doré,fr,golden parachute|parachute en or|indemnité,golden parachute|parachute en or,golden parachute,indemnité,indemnité
paraíso fiscal,pt,paraíso fiscal,pt,offshore|refúgio,,,offshore,refúgio
parc naturel,fr,parc naturel,fr,réserve,,,réserve,réserve
parking lot,eng,parking lot,eng,car park|park|parking area|carpark,car park|park|parking area,car park,carpark,carpark
parti politique,fr,parti politique,fr,parti,parti,parti,parti,parti
parti pris,fr,parti pris,fr,préjugé|biais,,,préjugé,biais
partie fin,fr,partie fin,fr,orgie|fin,,,orgie,fin
paseo marítimo,gl,paseo marítimo,gl,malecón|paseo,,,malecón,paseo
pass the buck,eng,pass the buck,eng,shirk|blame,,,shirk,blame
pastor alemão,pt,pastor alemão,pt,cão,,,cão,cão
pau mandado,pt,pau mandado,pt,capacho|lacaio,,,capacho,lacaio
pau-mandado,pt,pau-mandado,pt,capacho|fantoche,,,capacho,fantoche
pavio curto,pt,pavio curto,pt,irascível,,,irascível,irascível
pay the piper,eng,pay the piper,eng,suffer|consequences,,,suffer,consequences
peace conference,eng,peace conference,eng,parley|summit,,,parley,summit
peace talk,eng,peace talk,eng,negotiation|negotiations,,,negotiation,negotiations
peaches and cream,eng,peaches and cream,eng,pleasant|idyllic,,,pleasant,idyllic
pecking order,eng,pecking order,eng,hierarchy|power structure,hierarchy|power structure,hierarchy,hierarchy,hierarchy
pegada ecolóxica,gl,pegada ecolóxica,gl,impacto,,,impacto,impacto
pente fino,pt,pente fino,pt,escrutínio|inspeção,,,escrutínio,inspeção
peso morto,pt,peso morto,pt,estorvo|fardo,,,estorvo,fardo
petit ami,fr,petit ami,fr,ami|amie|copain|copine|petite amie|quaker|chum|homme|mec|sigisbée|swain,ami|amie|copain|copine|petite amie|quaker|chum|homme|mec|sigisbée|swain,ami,copain,copain
petit annonce,fr,petit annonce,fr,annonce,,,annonce,annonce
petit beurre,fr,petit beurre,fr,biscuit,,,biscuit,biscuit
petit déjeuner,fr,petit déjeuner,fr,déjeuner|petit-déjeuner|repas,déjeuner|petit-déjeuner,déjeuner,déjeuner,repas
petit enfant,fr,petit enfant,fr,bambin|enfant,,,bambin,enfant
petit four,fr,petit four,fr,mignardise|dessert,,,mignardise,dessert
petit joueur,fr,petit joueur,fr,timoré|amateur,,,timoré,amateur
petit nature,fr,petit nature,fr,fragile|timide,,,fragile,timide
petit nègre,fr,petit nègre,fr,sabir|enfant,,,sabir,enfant
petit pois,fr,petit pois,fr,pois,pois,pois,pois,pois
petit salé,fr,petit salé,fr,lard|salaison,,,lard,salaison
petit écran,fr,petit écran,fr,télévision,,,télévision,télévision
phone book,eng,phone book,eng,phonebook|telephone book|telephone directory|directory,phonebook|telephone book|telephone directory,phonebook,directory,directory
pick someone's brain,eng,pick someone's brain,eng,consult,,,consult,consult
pick up the pieces,eng,pick up the pieces,eng,recover,,,recover,recover
pied noir,fr,pied noir,fr,rapatrié|colons,,,rapatrié,colons
pillow slip,eng,pillow slip,eng,case|pillowcase|slip,case|pillowcase|slip,case,pillowcase,pillowcase
pipe dream,eng,pipe dream,eng,dream|fantasy,dream,dream,fantasy,fantasy
pièce monté,fr,pièce monté,fr,gâteau,,,gâteau,gâteau
planta baixa,pt,planta baixa,pt,planta,,,planta,planta
planta baixo,pt,planta baixo,pt,planta|desenho,,,planta,desenho
play with fire,eng,play with fire,eng,risk,,,risk,risk
plein lune,fr,plein lune,fr,plénilune|lune,,,plénilune,lune
poboación activa,gl,poboación activa,gl,man de obra|activos|traballadores,man de obra,man de obra,activos,traballadores
pocket book,eng,pocket book,eng,pocketbook|pocket edition|purse,pocketbook|pocket edition,pocketbook,purse,purse
poids lourd,fr,poids lourd,fr,camion|influent,,,camion,influent
point faible,fr,point faible,fr,faiblesse,,,faiblesse,faiblesse
point mort,fr,point mort,fr,neutre,,,neutre,neutre
point the finger,eng,point the finger,eng,accuse|blame,,,accuse,blame
poison pill,eng,poison pill,eng,deterrent|defense,,,deterrent,defense
polo shirt,eng,polo shirt,eng,sport shirt|polo|shirt,sport shirt,sport shirt,polo,shirt
ponto cego,pt,ponto cego,pt,lacuna,,,lacuna,lacuna
ponto forte,pt,ponto forte,pt,força|vantagem,,,força,vantagem
ponto fraco,pt,ponto fraco,pt,fraqueza,,,fraqueza,fraqueza
pop the question,eng,pop the question,eng,propose|declare oneself|offer,propose|declare oneself|offer,propose,propose,propose
porta grande,gl,porta grande,gl,portón|entrada,,,portón,entrada
pot pourri,fr,pot pourri,fr,mélange,,,mélange,mélange
poule mouillé,fr,poule mouillé,fr,froussard|lâche,,,froussard,lâche
pound the pavement,eng,pound the pavement,eng,canvass|hustle,,,canvass,hustle
poupée russe,fr,poupée russe,fr,matriochka|emboîtement,,,matriochka,emboîtement
pour cold water on,eng,pour cold water on,eng,throw cold water on|discourage|dampen,throw cold water on,throw cold water on,discourage,dampen
power behind the throne,eng,power behind the throne,eng,puppetmaster|influence,,,puppetmaster,influence
poção mágica,pt,poção mágica,pt,elixir,,,elixir,elixir
poção mágico,pt,poção mágico,pt,elixir,,,elixir,elixir
prato feito,pt,prato feito,pt,refeição,,,refeição,refeição
premier dame,fr,premier dame,fr,épouse,,,épouse,épouse
premier ministre,fr,premier ministre,fr,première|nombre premier|chancelier|François Coli|chef,première|nombre premier|chancelier|François Coli,première,chef,chef
premier plan,fr,premier plan,fr,devant|priorité,,,devant,priorité
press the panic button,eng,press the panic button,eng,panic|trigger,,,panic,trigger
primeira infância,pt,primeira infância,pt,Recém nascido|bebé|bebê|criancinha|criança|menino|nenê|recém-nascido|infância|puerícia,Recém nascido|bebé|bebê|criancinha|criança|menino|nenê|recém-nascido|infância,Recém nascido,puerícia,infância
primeira mão,pt,primeira mão,pt,primícia|direto,,,primícia,direto
primeira necessidade,pt,primeira necessidade,pt,essencial,,,essencial,essencial
primeira-dama,pt,primeira-dama,pt,esposa,,,esposa,esposa
primeiro dama,pt,primeiro dama,pt,esposa,,,esposa,esposa
primeiro infância,pt,primeiro infância,pt,puerícia|infância,,,puerícia,infância
primeiro ministro,pt,primeiro ministro,pt,chanceler|primeiroministro|premiê|líder,chanceler|primeiroministro,chanceler,premiê,líder
primeiro mão,pt,primeiro mão,pt,direto,,,direto,direto
primeiro necessidade,pt,primeiro necessidade,pt,essencial,,,essencial,essencial
primeiro plano,pt,primeiro plano,pt,anteprojeto|destaque|foco,anteprojeto,anteprojeto,destaque,foco
prince charmant,fr,prince charmant,fr,idéal,,,idéal,idéal
prison guard,eng,prison guard,eng,jailer|jailor|gaoler|screw|turnkey,jailer|jailor|gaoler|screw|turnkey,jailer,jailer,jailer
prison term,eng,prison term,eng,sentence|time,sentence|time,sentence,sentence,sentence
private eye,eng,private eye,eng,private detective|PI|private investigator|operative|shamus|sherlock|detective,private detective|PI|private investigator|operative|shamus|sherlock,private detective,detective,detective
processo seletivo,pt,processo seletivo,pt,seleção,,,seleção,seleção
pronto socorro,pt,pronto socorro,pt,emergência,,,emergência,emergência
pronto-socorro,pt,pronto-socorro,pt,emergência,,,emergência,emergência
prévision météorologique,fr,prévision météorologique,fr,météo|météorologie,météo|météorologie,météo,météo,météo
príncipe encantado,pt,príncipe encantado,pt,ideal,,,ideal,ideal
public service,eng,public service,eng,community service|utility|civic,community service,community service,utility,civic
pull the plug,eng,pull the plug,eng,terminate,,,terminate,terminate
puntos fortes,gl,puntos fortes,gl,fortalezas,,,fortalezas,fortalezas
puntos limpos,gl,puntos limpos,gl,ecoparques|ecopunto,,,ecoparques,ecopunto
puntos negros,gl,puntos negros,gl,cravos,,,cravos,cravos
puro sangue,pt,puro sangue,pt,genuíno|nobre,,,genuíno,nobre
puro-sangue,pt,puro-sangue,pt,genuíno|linhagem,,,genuíno,linhagem
push someone's buttons,eng,push someone's buttons,eng,provoke,,,provoke,provoke
push the boat out,eng,push the boat out,eng,splurge,,,splurge,splurge
push the envelope,eng,push the envelope,eng,innovate,,,innovate,innovate
put down roots,eng,put down roots,eng,settle,,,settle,settle
put the boot in,eng,put the boot in,eng,attack|humiliate,,,attack,humiliate
put the cart before the horse,eng,put the cart before the horse,eng,reverse|misordering,,,reverse,misordering
put words in someone's mouth,eng,put words in someone's mouth,eng,misrepresent|misattribute,,,misrepresent,misattribute
pão duro,pt,pão duro,pt,avarento,,,avarento,avarento
pão-duro,pt,pão-duro,pt,avarento|sovina|mesquinho,avarento|sovina,avarento,sovina,mesquinho
pé direito,pt,pé direito,pt,altura,,,altura,altura
pé frio,pt,pé frio,pt,azarado|azarento,,,azarado,azarento
pé quente,pt,pé quente,pt,sortudo,,,sortudo,sortudo
pé-direito,pt,pé-direito,pt,altura,,,altura,altura
pé-frio,pt,pé-frio,pt,azarento|azarado,,,azarento,azarado
pólo aquático,pt,pólo aquático,pt,esporte,,,esporte,esporte
pólo-aquático,pt,pólo-aquático,pt,desporto,,,desporto,desporto
quadro negro,pt,quadro negro,pt,Quadro-negro|lousa|quadro preto,Quadro-negro|lousa|quadro preto,Quadro-negro,lousa,lousa
quadro-negro,pt,quadro-negro,pt,Quadro negro|lousa|quadro preto,Quadro negro|lousa|quadro preto,Quadro negro,lousa,lousa
queda livre,pt,queda livre,pt,despencada|gravidade,,,despencada,gravidade
quinta categoria,pt,quinta categoria,pt,inferior,,,inferior,inferior
quinto categoria,pt,quinto categoria,pt,medíocre|inferior,,,medíocre,inferior
radio station,eng,radio station,eng,broadcaster,,,broadcaster,broadcaster
radioactive material,eng,radioactive material,eng,radionuclide|radioactivity,,,radionuclide,radioactivity
radioactive waste,eng,radioactive waste,eng,radwaste|hazard,,,radwaste,hazard
rainy season,eng,rainy season,eng,monsoon,,,monsoon,monsoon
raise the roof,eng,raise the roof,eng,clamor|revel,,,clamor,revel
rat race,eng,rat race,eng,competition|grind,,,competition,grind
rat run,eng,rat run,eng,shortcut,,,shortcut,shortcut
reach for the stars,eng,reach for the stars,eng,aspire|ambition,,,aspire,ambition
recherche scientifique,fr,recherche scientifique,fr,recherche|science,recherche,recherche,science,science
record book,eng,record book,eng,record|book|register|log,record|book,record,register,log
rede social,pt,rede social,pt,plataforma,,,plataforma,plataforma
regime político,pt,regime político,pt,governo,,,governo,governo
relógio analógico,pt,relógio analógico,pt,relógio,,,relógio,relógio
relógio biológico,pt,relógio biológico,pt,biorritmo|ritmo,,,biorritmo,ritmo
renda básica,gl,renda básica,gl,prestación|ingreso,,,prestación,ingreso
research lab,eng,research lab,eng,lab|laboratory|research laboratory|science lab|science laboratory,lab|laboratory|research laboratory|science lab|science laboratory,lab,laboratory,laboratory
research project,eng,research project,eng,scientific research|study,scientific research,scientific research,study,study
ressource humain,fr,ressource humain,fr,personnel,,,personnel,personnel
reta final,pt,reta final,pt,final|conclusão,,,final,conclusão
rice paper,eng,rice paper,eng,paper|wrapper,,,paper,wrapper
ride roughshod over,eng,ride roughshod over,eng,trample|bulldoze,,,trample,bulldoze
ring a bell,eng,ring a bell,eng,remind|familiar,,,remind,familiar
rise and shine,eng,rise and shine,eng,awaken|awake,,,awaken,awake
rise from the ashes,eng,rise from the ashes,eng,revive|rebirth,,,revive,rebirth
rob peter to pay paul,eng,rob Peter to pay Paul,eng,divert|misappropriate,,,divert,misappropriate
rock bottom,eng,rock bottom,eng,nadir,,,nadir,nadir
rock the boat,eng,rock the boat,eng,disrupt,,,disrupt,disrupt
rocket science,eng,rocket science,eng,complexity|difficulty,,,complexity,difficulty
roda gigante,pt,roda gigante,pt,Roda-gigante|roda|nora|atração,Roda-gigante|roda,Roda-gigante,nora,atração
role model,eng,role model,eng,model|exemplar,model,model,exemplar,exemplar
roleta russa,pt,roleta russa,pt,risco,,,risco,risco
roleta russo,pt,roleta russo,pt,risco|perigo,,,risco,perigo
rond point,fr,rond point,fr,giratoire,,,giratoire,giratoire
rough around the edges,eng,rough around the edges,eng,unpolished,,,unpolished,unpolished
roulette russe,fr,roulette russe,fr,risque|danger,,,risque,danger
round the bend,eng,round the bend,eng,balmy|barmy|bats|batty|bonkers|buggy|cracked|crackers|daft|dotty|fruity|haywire|kooky|kookie|loco|loony|loopy|nuts|nutty|around the bend|wacky|whacky|insane|crazy,balmy|barmy|bats|batty|bonkers|buggy|cracked|crackers|daft|dotty|fruity|haywire|kooky|kookie|loco|loony|loopy|nuts|nutty|around the bend|wacky|whacky,balmy,insane,crazy
rule the roost,eng,rule the roost,eng,dominate,,,dominate,dominate
run a mile,eng,run a mile,eng,avoid,,,avoid,avoid
run out of steam,eng,run out of steam,eng,flag|exhausted,,,flag,exhausted
rush hour,eng,rush hour,eng,peak|traffic,,,peak,traffic
réchauffement climatique,fr,réchauffement climatique,fr,réchauffement,,,réchauffement,réchauffement
région parisien,fr,région parisien,fr,Francilie|iledefrance,,,Francilie,iledefrance
réseau social,fr,réseau social,fr,plateforme|réseau,,,plateforme,réseau
sacred cow,eng,sacred cow,eng,untouchable|sacrosanct,,,untouchable,sacrosanct
saia justa,pt,saia justa,pt,constrangimento|enrascada,,,constrangimento,enrascada
saia justo,pt,saia justo,pt,constrangimento|embaraço,,,constrangimento,embaraço
sala cirúrgica,pt,sala cirúrgica,pt,quirófano|operatório,,,quirófano,operatório
sala cirúrgico,pt,sala cirúrgico,pt,quirófano|operatório,,,quirófano,operatório
salto cualitativo,gl,salto cualitativo,gl,avance|mellora,,,avance,mellora
salão paroquial,pt,salão paroquial,pt,salão|auditório,,,salão,auditório
sang froid,fr,sang froid,fr,calme,,,calme,calme
sangue azul,pt,sangue azul,pt,nobreza,,,nobreza,nobreza
sangue frio,pt,sangue frio,pt,calma|frieza,,,calma,frieza
sangue quente,pt,sangue quente,pt,impetuoso|impulsivo,,,impetuoso,impulsivo
save someone's skin,eng,save someone's skin,eng,rescue,,,rescue,rescue
scratch the surface,eng,scratch the surface,eng,skim|superficial,,,skim,superficial
search engine,eng,search engine,eng,finder,,,finder,finder
second degré,fr,second degré,fr,ironie,,,ironie,ironie
second rôle,fr,second rôle,fr,comparse|secondaire,,,comparse,secondaire
secretária eletrônica,pt,secretária eletrônica,pt,atendedor|gravador,,,atendedor,gravador
secretário eletrônico,pt,secretário eletrônico,pt,atendedor|assistente,,,atendedor,assistente
see eye to eye,eng,see eye to eye,eng,agree,,,agree,agree
see the light,eng,see the light,eng,reform|straighten out|understand|realize,reform|straighten out,reform,understand,realize
see the light of day,eng,see the light of day,eng,emerge,,,emerge,emerge
segundas intenções,pt,segundas intenções,pt,malícia|ulterioridade,,,malícia,ulterioridade
segundo intenção,pt,segundo intenção,pt,intencionalmente|ulterior,,,intencionalmente,ulterior
segundo plano,pt,segundo plano,pt,fundo do ecrã|fundo|secundário,fundo do ecrã,fundo do ecrã,fundo,secundário
sentença judicial,pt,sentença judicial,pt,sentença|decisão,,,sentença,decisão
separate the wheat from the chaff,eng,separate the wheat from the chaff,eng,winnow|distinguish,,,winnow,distinguish
septième ciel,fr,septième ciel,fr,béatitude|cloud 9|félicité|extase,béatitude|cloud 9|félicité,béatitude,extase,félicité
service public,fr,service public,fr,administration,,,administration,administration
set the wheels in motion,eng,set the wheels in motion,eng,initiate,,,initiate,initiate
sex bomb,eng,sex bomb,eng,sex kitten|sexpot|bombshell,sex kitten|sexpot,sex kitten,bombshell,bombshell
sexto sentido,pt,sexto sentido,pt,intuição,,,intuição,intuição
shelf life,eng,shelf life,eng,lifespan|perishability,,,lifespan,perishability
shoot the messenger,eng,shoot the messenger,eng,blame|scapegoating,,,blame,scapegoating
short and sweet,eng,short and sweet,eng,concise|succinct,,,concise,succinct
shrinking violet,eng,shrinking violet,eng,shy person|wallflower,shy person,shy person,wallflower,wallflower
shut the door on,eng,shut the door on,eng,preclude|exclude,,,preclude,exclude
sick and tired,eng,sick and tired,eng,exasperated|fedup,,,exasperated,fedup
sign on the dotted line,eng,sign on the dotted line,eng,agree|commit,,,agree,commit
silver bullet,eng,silver bullet,eng,panacea,,,panacea,panacea
silver lining,eng,silver lining,eng,bright side|upside|optimism,bright side,bright side,upside,optimism
silver screen,eng,silver screen,eng,screen|projection screen|cinema,screen|projection screen,screen,cinema,cinema
silver spoon,eng,silver spoon,eng,old money|privilege,old money,old money,privilege,privilege
sinal verde,pt,sinal verde,pt,autorização|aprovação,,,autorização,aprovação
sing the praises of,eng,sing the praises of,eng,extol|praise,,,extol,praise
sink or swim,eng,sink or swim,eng,survive|selfreliance,,,survive,selfreliance
sistema político,pt,sistema político,pt,regime,,,regime,regime
sit on the fence,eng,sit on the fence,eng,vacillate|undecided,,,vacillate,undecided
site officiel,fr,site officiel,fr,site|portail,,,site,portail
sitting duck,eng,sitting duck,eng,easy mark|vulnerable|prey,easy mark,easy mark,vulnerable,prey
six feet under,eng,six feet under,eng,dead,,,dead,dead
six of the best,eng,six of the best,eng,caning,,,caning,caning
skin tone,eng,skin tone,eng,complexion,,,complexion,complexion
slap on the wrist,eng,slap on the wrist,eng,reprimand,,,reprimand,reprimand
small fry,eng,small fry,eng,pip-squeak|squirt|child|kid|youngster|minor|shaver|nipper|tiddler|tike|tyke|fry|nestling|nobodies,pip-squeak|squirt|child|kid|youngster|minor|shaver|nipper|tiddler|tike|tyke|fry|nestling,pip-squeak,nobodies,nobodies
smell a rat,eng,smell a rat,eng,suspect|suspicion,,,suspect,suspicion
smoke and mirrors,eng,smoke and mirrors,eng,deception,,,deception,deception
smoke screen,eng,smoke screen,eng,smokescreen|cover|deception,smokescreen,smokescreen,cover,deception
smoking gun,eng,smoking gun,eng,proof,,,proof,proof
smoking jacket,eng,smoking jacket,eng,lounging jacket|jacket|robe,lounging jacket,lounging jacket,jacket,robe
snail mail,eng,snail mail,eng,post,,,post,post
snake oil,eng,snake oil,eng,humbug|quackery,humbug,humbug,quackery,quackery
social insurance,eng,social insurance,eng,welfare,,,welfare,welfare
soirée privé,fr,soirée privé,fr,fête,,,fête,fête
song and dance,eng,song and dance,eng,fairytale|fairy tale|fairy story|cock-and-bull story|rigmarole|fuss,fairytale|fairy tale|fairy story|cock-and-bull story,fairytale,rigmarole,fuss
sound judgement,eng,sound judgement,eng,judgment|judgement|sound judgment|perspicacity|wisdom|prudence,judgment|judgement|sound judgment|perspicacity,judgment,wisdom,prudence
sparkling water,eng,sparkling water,eng,soda water|carbonated water|club soda|seltzer,soda water|carbonated water|club soda|seltzer,soda water,seltzer,seltzer
speed limit,eng,speed limit,eng,maximum,,,maximum,maximum
speed trap,eng,speed trap,eng,checkpoint|enforcement,,,checkpoint,enforcement
spelling bee,eng,spelling bee,eng,spelldown|spelling contest|contest|competition,spelldown|spelling contest,spelldown,contest,competition
spend a penny,eng,spend a penny,eng,make|urinate|piddle|puddle|micturate|piss|pee|pee-pee|make water|relieve oneself|take a leak|wee|wee-wee|pass water,make|urinate|piddle|puddle|micturate|piss|pee|pee-pee|make water|relieve oneself|take a leak|wee|wee-wee|pass water,make,urinate,urinate
spill the beans,eng,spill the beans,eng,let the cat out of the bag|talk|tattle|blab|peach|babble|sing|babble out|blab out|reveal|divulge,let the cat out of the bag|talk|tattle|blab|peach|babble|sing|babble out|blab out,let the cat out of the bag,reveal,divulge
spinning jenny,eng,spinning jenny,eng,spinner|machinery,,,spinner,machinery
spit it out,eng,spit it out,eng,say|tell,,,say,tell
stag night,eng,stag night,eng,stag|bachelorparty,,,stag,bachelorparty
stand up and be counted,eng,stand up and be counted,eng,declare|advocate,,,declare,advocate
stay the course,eng,stay the course,eng,persevere,,,persevere,persevere
steal someone's thunder,eng,steal someone's thunder,eng,upstage,,,upstage,upstage
step on it,eng,step on it,eng,rush|hotfoot|hasten|hie|speed|race|pelt along|rush along|cannonball along|bucket along|belt along|hurry,rush|hotfoot|hasten|hie|speed|race|pelt along|rush along|cannonball along|bucket along|belt along,rush,hurry,hurry
street girl,eng,street girl,eng,streetwalker|hooker|hustler|floozy|floozie|slattern|homeless,streetwalker|hooker|hustler|floozy|floozie|slattern,streetwalker,streetwalker,homeless
strike a chord,eng,strike a chord,eng,hit home|strike home|strike a note|touch a chord|resonate,hit home|strike home|strike a note|touch a chord,hit home,resonate,resonate
strike while the iron is hot,eng,strike while the iron is hot,eng,capitalize|seize,,,capitalize,seize
subway system,eng,subway system,eng,metro|tube|underground|subway,metro|tube|underground|subway,metro,metro,metro
sucre roux,fr,sucre roux,fr,cassonade|sucre,,,cassonade,sucre
sugar daddy,eng,sugar daddy,eng,benefactor|patron,,,benefactor,patron
swan song,eng,swan song,eng,last hurrah|farewell|finale,last hurrah,last hurrah,farewell,finale
sweetness and light,eng,sweetness and light,eng,amiability|gentleness,,,amiability,gentleness
swimming pool,eng,swimming pool,eng,swimming bath|natatorium|pool,swimming bath|natatorium,swimming bath,pool,pool
swings and roundabouts,eng,swings and roundabouts,eng,tradeoffs|balance,,,tradeoffs,balance
sécurité routier,fr,sécurité routier,fr,prévention|sécurité,,,prévention,sécurité
sécurité social,fr,sécurité social,fr,sécu|assurance,,,sécu,assurance
sétima arte,pt,sétima arte,pt,cinema,,,cinema,cinema
sétimo arte,pt,sétimo arte,pt,cinema,,,cinema,cinema
table bas,fr,table bas,fr,guéridon|table,,,guéridon,table
table rond,fr,table rond,fr,débat|forum,,,débat,forum
take a back seat,eng,take a back seat,eng,yield|withdraw,,,yield,withdraw
take a bath,eng,take a bath,eng,bathe,,,bathe,bathe
take a dive,eng,take a dive,eng,lose,,,lose,lose
take a hike,eng,take a hike,eng,scram,,,scram,scram
take no prisoners,eng,take no prisoners,eng,ruthless,,,ruthless,ruthless
take the bull by the horns,eng,take the bull by the horns,eng,confront|tackle,,,confront,tackle
take the cake,eng,take the cake,eng,surpass|ridiculous,,,surpass,ridiculous
take the fall,eng,take the fall,eng,scapegoat|blame,,,scapegoat,blame
tapete vermelho,pt,tapete vermelho,pt,honraria|privilegio,,,honraria,privilegio
tapis rouge,fr,tapis rouge,fr,honneurs|faveur,,,honneurs,faveur
tartaruga marinho,pt,tartaruga marinho,pt,tartaruga,,,tartaruga,tartaruga
tartaruga-marinha,pt,tartaruga-marinha,pt,Cheloniidae|Tartarugas marinhas|tartaruga,Cheloniidae|Tartarugas marinhas,Cheloniidae,tartaruga,tartaruga
tear gas,eng,tear gas,eng,teargas|lacrimator|lachrymator|irritant,teargas|lacrimator|lachrymator,teargas,lachrymator,irritant
tela plana,pt,tela plana,pt,monitor,,,monitor,monitor
tela plano,pt,tela plano,pt,monitor,,,monitor,monitor
tempo parcial,gl,tempo parcial,gl,parcial,,,parcial,parcial
tempo real,pt,tempo real,pt,instantâneo|imediato,,,instantâneo,imediato
tempos escuros,gl,tempos escuros,gl,adversidade|crise,,,adversidade,crise
temps fort,fr,temps fort,fr,apogée,,,apogée,apogée
temps mort,fr,temps mort,fr,arrêt de jeu|pause,arrêt de jeu,arrêt de jeu,pause,pause
temps partiel,fr,temps partiel,fr,partiel,,,partiel,partiel
temps plein,fr,temps plein,fr,complet|pleintemps,,,complet,pleintemps
temps réel,fr,temps réel,fr,instantané|immédiat,,,instantané,immédiat
tennis elbow,eng,tennis elbow,eng,lateral epicondylitis|lateral humeral epicondylitis|epicondylitis,lateral epicondylitis|lateral humeral epicondylitis,lateral epicondylitis,epicondylitis,epicondylitis
terceira idade,pt,terceira idade,pt,adulto|de maior|velhice|idosos,adulto|de maior,adulto,velhice,idosos
terceira pessoa,pt,terceira pessoa,pt,terceiro|narrador,,,terceiro,narrador
terceiro idade,pt,terceiro idade,pt,velhice|idosos,,,velhice,idosos
terceiro pessoa,pt,terceiro pessoa,pt,outrem|narrador,,,outrem,narrador
the ball is in someone's court,eng,the ball is in someone's court,eng,responsibility|turn,,,responsibility,turn
the bee's knees,eng,the bee's knees,eng,excellent,,,excellent,excellent
the buck stops here,eng,the buck stops here,eng,accountability|responsibility,,,accountability,responsibility
the icing on the cake,eng,the icing on the cake,eng,bonus,,,bonus,bonus
things that go bump in the night,eng,things that go bump in the night,eng,ghosts|monsters,,,ghosts,monsters
think tank,eng,think tank,eng,think factory|braintrust,think factory,think factory,braintrust,braintrust
throw down the gauntlet,eng,throw down the gauntlet,eng,challenge,,,challenge,challenge
throw the baby out with the bathwater,eng,throw the baby out with the bathwater,eng,overreact|overreaction,,,overreact,overreaction
throw the book at,eng,throw the book at,eng,punish,,,punish,punish
tie the knot,eng,tie the knot,eng,marry,,,marry,marry
time difference,eng,time difference,eng,interval,,,interval,interval
tip the scales,eng,tip the scales,eng,sway,,,sway,sway
tiro livre,pt,tiro livre,pt,livre|remate,,,livre,remate
to die for,eng,to die for,eng,irresistible,,,irresistible,irresistible
to the bone,eng,to the bone,eng,completely|utterly,,,completely,utterly
to the hilt,eng,to the hilt,eng,to the limit|completely,to the limit,to the limit,completely,completely
to the tune of,eng,to the tune of,eng,amounting|approximately,,,amounting,approximately
toe the line,eng,toe the line,eng,conform,,,conform,conform
top dog,eng,top dog,eng,head|chief|leader,head|chief,head,leader,leader
touch and go,eng,touch and go,eng,precarious,,,precarious,precarious
trabalho braçal,pt,trabalho braçal,pt,labuta,,,labuta,labuta
trabalho escravo,pt,trabalho escravo,pt,escravidão,,,escravidão,escravidão
traffic control,eng,traffic control,eng,regulation,,,regulation,regulation
traffic jam,eng,traffic jam,eng,snarl-up|congestion,snarl-up,snarl-up,congestion,congestion
travail public,fr,travail public,fr,ouvrage|infrastructure,,,ouvrage,infrastructure
travel guide,eng,travel guide,eng,guidebook,,,guidebook,guidebook
trou noir,fr,trou noir,fr,amnésie|abîme,,,amnésie,abîme
trou normand,fr,trou normand,fr,digestif|nettoyage,,,digestif,nettoyage
turn over a new leaf,eng,turn over a new leaf,eng,reform,,,reform,reform
turn the other cheek,eng,turn the other cheek,eng,forgive|forbearance,,,forgive,forbearance
turn the screw,eng,turn the screw,eng,pressure,,,pressure,pressure
turn the tables,eng,turn the tables,eng,turn the tide|reverse|reversal,turn the tide,turn the tide,reverse,reversal
twist someone's arm,eng,twist someone's arm,eng,coerce|persuade,,,coerce,persuade
téléphone arabe,fr,téléphone arabe,fr,rumeur,,,rumeur,rumeur
téléphone portable,fr,téléphone portable,fr,G|GSM|cellulaire|cellule|mobile|natel|portable|téléphone cellulaire|téléphone mobile,G|GSM|cellulaire|cellule|mobile|natel|portable|téléphone cellulaire|téléphone mobile,G,portable,cellulaire
under a cloud,eng,under a cloud,eng,suspected|suspicion,,,suspected,suspicion
under the microscope,eng,under the microscope,eng,scrutinized,,,scrutinized,scrutinized
under the sun,eng,under the sun,eng,anywhere|everything,,,anywhere,everything
under the table,eng,under the table,eng,secretly|illicitly,,,secretly,illicitly
under the weather,eng,under the weather,eng,ailing|indisposed|peaked|poorly|sickly|unwell|seedy|ill,ailing|indisposed|peaked|poorly|sickly|unwell|seedy,ailing,unwell,ill
under the wire,eng,under the wire,eng,barely|narrowly,,,barely,narrowly
up a tree,eng,up a tree,eng,stuck|predicament,,,stuck,predicament
up in the air,eng,up in the air,eng,uncertain,,,uncertain,uncertain
up the ante,eng,up the ante,eng,escalate,,,escalate,escalate
up the river,eng,up the river,eng,imprisoned|trouble,,,imprisoned,trouble
up to here,eng,up to here,eng,exasperated|hitherto,,,exasperated,hitherto
up to speed,eng,up to speed,eng,informed,,,informed,informed
vaca louca,pt,vaca louca,pt,encefalopatia|doença,,,encefalopatia,doença
vaca louco,pt,vaca louco,pt,encefalopatia|doença,,,encefalopatia,doença
valeur sûr,fr,valeur sûr,fr,fiable,,,fiable,fiable
venres negro,gl,venres negro,gl,rebaixas|descontos,,,rebaixas,descontos
vida laboral,gl,vida laboral,gl,carreira,,,carreira,carreira
vida real,gl,vida real,gl,realidade,,,realidade,realidade
video game,eng,video game,eng,computer game|videogame|game,computer game,computer game,videogame,game
vie associatif,fr,vie associatif,fr,associations|bénévolat,,,associations,bénévolat
vie quotidien,fr,vie quotidien,fr,quotidien,,,quotidien,quotidien
vieux fille,fr,vieux fille,fr,solteronne|célibataire,,,solteronne,célibataire
vin blanc,fr,vin blanc,fr,blanc|vin,,,blanc,vin
vin rouge,fr,vin rouge,fr,rouge|vin,,,rouge,vin
vinho branco,pt,vinho branco,pt,branco|vinho,,,branco,vinho
vinho tinto,pt,vinho tinto,pt,tinto,,,tinto,tinto
vista grossa,pt,vista grossa,pt,conivência|ignorar,,,conivência,ignorar
vista grosso,pt,vista grosso,pt,ignorar|aproximadamente,,,ignorar,aproximadamente
viva voz,pt,viva voz,pt,oralmente|oral,,,oralmente,oral
vivenda libre,gl,vivenda libre,gl,privada|vacante,,,privada,vacante
vivo voz,pt,vivo voz,pt,altifalante|oral,,,altifalante,oral
voto secreto,pt,voto secreto,pt,escrutínio|sigilo,,,escrutínio,sigilo
vôo doméstico,pt,vôo doméstico,pt,nacional,,,nacional,nacional
vôo internacional,pt,vôo internacional,pt,voo|viagem,,,voo,viagem
wake up and smell the coffee,eng,wake up and smell the coffee,eng,realize|realization,,,realize,realization
walk all over,eng,walk all over,eng,dominate|exploit,,,dominate,exploit
walk the plank,eng,walk the plank,eng,drown|execution,,,drown,execution
watch this space,eng,watch this space,eng,anticipate|updates,,,anticipate,updates
water under the bridge,eng,water under the bridge,eng,bygone|bygones|past,bygone,bygone,bygones,past
web site,eng,web site,eng,website|internet site|site,website|internet site|site,website,website,website
wedding anniversary,eng,wedding anniversary,eng,anniversary,,,anniversary,anniversary
wedding day,eng,wedding day,eng,wedding|nuptials,,,wedding,nuptials
wet behind the ears,eng,wet behind the ears,eng,inexperienced,,,inexperienced,inexperienced
wet blanket,eng,wet blanket,eng,spoilsport|killjoy|party pooper,spoilsport|killjoy|party pooper,spoilsport,killjoy,killjoy
when the chips are down,eng,when the chips are down,eng,crisis,,,crisis,crisis
white noise,eng,white noise,eng,static,,,static,static
white spirit,eng,white spirit,eng,solvent,,,solvent,solvent
winter solstice,eng,winter solstice,eng,midwinter,,,midwinter,midwinter
wipe the slate clean,eng,wipe the slate clean,eng,reset|restart,,,reset,restart
with a vengeance,eng,with a vengeance,eng,intensely|fiercely,,,intensely,fiercely
with a view to,eng,with a view to,eng,intending,,,intending,intending
with open arms,eng,with open arms,eng,warmly|welcoming,,,warmly,welcoming
word painting,eng,word painting,eng,madrigalism|imagery,,,madrigalism,imagery
world conference,eng,world conference,eng,summit,,,summit,summit
xente nova,gl,xente nova,gl,mocidade|xuventude,,,mocidade,xuventude
zebra crossing,eng,zebra crossing,eng,pedestrian crossing|crosswalk,pedestrian crossing,pedestrian crossing,crosswalk,crosswalk
água doce,pt,água doce,pt,dulcícola|potável,,,dulcícola,potável
água mineral,pt,água mineral,pt,água carbonatada|água com gás|água gaseificada|águas minerais|água|hidromineral,água carbonatada|água com gás|água gaseificada|águas minerais,água carbonatada,água,hidromineral
école primaire,fr,école primaire,fr,lycée|école élémentaire|primaire|école,lycée|école élémentaire,lycée,primaire,école
étoile filant,fr,étoile filant,fr,météore,,,météore,météore
órgano central,gl,órgano central,gl,cerebro|autoridade,,,cerebro,autoridade
ônibus executivo,pt,ônibus executivo,pt,frescão|luxo,,,frescão,luxo
